VENDOR,DATE,SITEID,Transport Type,NOP,Count of >0.9,Util FEGE %,Max Ethernet Port Daily,BW,Priority,Suspect,Prio,Aging,TrafMax,NeedClose,Status,TiketID
EID,1/5/2026,BGE677,Telkomsel Radio IP,PEMATANG SIANTAR,13,97.61%,1.952.151.285,200.0,P2,Capacity transport issue,P2,13,1.952.151.285,Capacity transport issue,Open,BGE67720260105
EID,1/5/2026,BGE922,Leased Radio IP,PEMATANG SIANTAR,13,14.25%,2.564.498.279,1800.0,P2,Need check quality transport,P2,13,2.564.498.279,Need check quality transport,Open,BGE92220260105
EID,1/5/2026,BIR097,Telkomsel Radio IP,BINJAI,14,94.10%,1.881.990.816,200.0,P2,Capacity transport issue,P2,14,1.881.990.816,Capacity transport issue,Open,BIR09720260105
EID,1/5/2026,BIR354,Metro-E,BINJAI,12,18.58%,1.857.641.136,1000.0,P2,Need check quality transport,P2,12,1.857.641.136,Need check quality transport,Open,BIR35420260105
EID,1/5/2026,BKJ362,Leased Radio IP,PEMATANG SIANTAR,14,28.11%,1.686.839.077,600.0,P2,Need check quality transport,P2,14,1.686.839.077,Need check quality transport,Open,BKJ36220260105
EID,1/5/2026,DLS495,Telkomsel Radio IP,PEMATANG SIANTAR,15,100.72%,2.014.496.839,200.0,P2,Capacity transport issue,P2,15,2.014.496.839,Capacity transport issue,Open,DLS49520260105
EID,1/5/2026,GST313,Leased Radio IP,PADANG SIDEMPUAN,19,97.51%,1.950.195.229,200.0,P1,Capacity transport issue,P1,19,1.950.195.229,Capacity transport issue,Open,GST31320260105
EID,1/5/2026,GST332,Metro-E,PADANG SIDEMPUAN,15,19.48%,1.947.704.337,1000.0,P2,Need check quality transport,P2,15,1.947.704.337,Need check quality transport,Open,GST33220260105
EID,1/5/2026,GST843,Telkomsel Radio IP,PADANG SIDEMPUAN,12,84.52%,1.690.315.136,200.0,P2,Capacity transport issue,P2,12,1.690.315.136,Capacity transport issue,Open,GST84320260105
EID,1/5/2026,IRY026,Leased Radio IP,BINJAI,14,97.64%,1.952.777.669,200.0,P2,Capacity transport issue,P2,14,1.952.777.669,Capacity transport issue,Open,IRY02620260105
EID,1/5/2026,KBJ045,Metro-E,PEMATANG SIANTAR,12,26.74%,2.674.019.216,1000.0,P2,Need check quality transport,P2,12,2.674.019.216,Need check quality transport,Open,KBJ04520260105
EID,1/5/2026,KBJ129,Metro-E,PEMATANG SIANTAR,12,0.06%,637.199.449,1000.0,P2,Need check quality transport,P2,12,637.199.449,Need check quality transport,Open,KBJ12920260105
EID,1/5/2026,KPD211,Telkomsel Radio IP,PADANG SIDEMPUAN,15,45.66%,1.826.366.991,400.0,P2,Need check quality transport,P2,15,1.826.366.991,Need check quality transport,Open,KPD21120260105
EID,1/5/2026,KRB591,Metro-E,BINJAI,16,14.61%,1.461.400.479,1000.0,P2,Need check quality transport,P2,16,1.461.400.479,Need check quality transport,Open,KRB59120260105
EID,1/5/2026,KRB713,Metro-E,BINJAI,13,54.84%,5.484.003.502,1000.0,P2,Need check quality transport,P2,13,5.484.003.502,Need check quality transport,Open,KRB71320260105
EID,1/5/2026,KTN070,Leased Radio IP,PEMATANG SIANTAR,17,51.22%,2.048.919.273,400.0,P2,Need check quality transport,P2,17,2.048.919.273,Need check quality transport,Open,KTN07020260105
EID,1/5/2026,LGS014,Telkomsel Radio IP,BINJAI,14,96.56%,3.862.301.792,400.0,P2,Capacity transport issue,P2,14,3.862.301.792,Capacity transport issue,Open,LGS01420260105
EID,1/5/2026,LGS075,Metro-E,BINJAI,12,20.62%,2.062.489.339,1000.0,P2,Need check quality transport,P2,12,2.062.489.339,Need check quality transport,Open,LGS07520260105
EID,1/5/2026,LGS153,Metro-E,BINJAI,13,43.00%,4.300.472.034,1000.0,P2,Need check quality transport,P2,13,4.300.472.034,Need check quality transport,Open,LGS15320260105
EID,1/5/2026,LHK038,Metro-E,BINJAI,12,13.89%,1.389.036.275,1000.0,P2,Need check quality transport,P2,12,1.389.036.275,Need check quality transport,Open,LHK03820260105
EID,1/5/2026,LHK067,Telkomsel Radio IP,BINJAI,17,46.77%,187.094.606,400.0,P2,Need check quality transport,P2,17,187.094.606,Need check quality transport,Open,LHK06720260105
EID,1/5/2026,NAD912,Metro-E,ACEH,12,21.36%,2.135.864.507,1000.0,P2,Need check quality transport,P2,12,2.135.864.507,Need check quality transport,Open,NAD91220260105
EID,1/5/2026,PSP278,Telkomsel Radio IP,RANTAU PRAPAT,14,50.34%,2.013.461.929,400.0,P2,Need check quality transport,P2,14,2.013.461.929,Need check quality transport,Open,PSP27820260105
EID,1/5/2026,PYB001,Metro-E,PADANG SIDEMPUAN,15,30.76%,3.076.048.683,1000.0,P2,Need check quality transport,P2,15,3.076.048.683,Need check quality transport,Open,PYB00120260105
EID,1/5/2026,PYB111,Leased Radio IP,PADANG SIDEMPUAN,12,35.26%,141.025.058,400.0,P2,Need check quality transport,P2,12,141.025.058,Need check quality transport,Open,PYB11120260105
EID,1/5/2026,PYB224,Leased Radio IP,PADANG SIDEMPUAN,12,97.27%,194.543.529,200.0,P2,Capacity transport issue,P2,12,194.543.529,Capacity transport issue,Open,PYB22420260105
EID,1/5/2026,PYB962,Leased Radio IP,PADANG SIDEMPUAN,16,50.33%,2.013.315.136,400.0,P2,Need check quality transport,P2,16,2.013.315.136,Need check quality transport,Open,PYB96220260105
EID,1/5/2026,RAP120,Telkomsel Radio IP,RANTAU PRAPAT,15,31.03%,1.861.759.019,600.0,P2,Need check quality transport,P2,15,1.861.759.019,Need check quality transport,Open,RAP12020260105
EID,1/5/2026,RAP991,Telkomsel Radio IP,RANTAU PRAPAT,19,6.67%,2.667.173.352,400.0,P1,Need check quality transport,P1,19,2.667.173.352,Need check quality transport,Open,RAP99120260105
EID,1/5/2026,SDK992,Leased Radio IP,PEMATANG SIANTAR,17,97.49%,1.949.861.312,200.0,P2,Capacity transport issue,P2,17,1.949.861.312,Capacity transport issue,Open,SDK99220260105
EID,1/5/2026,SGI079,Leased Radio IP,ACEH,16,51.28%,2.051.267.074,400.0,P2,Need check quality transport,P2,16,2.051.267.074,Need check quality transport,Open,SGI07920260105
EID,1/5/2026,SGI132,Metro-E,ACEH,12,36.10%,3.610.371.125,1000.0,P2,Need check quality transport,P2,12,3.610.371.125,Need check quality transport,Open,SGI13220260105
EID,1/5/2026,TKN133,Metro-E,ACEH,20,16.67%,1.666.772.646,1000.0,P1,Need check quality transport,P1,20,1.666.772.646,Need check quality transport,Open,TKN13320260105
EID,1/5/2026,TKN706,Metro-E,ACEH,15,15.20%,1.520.155.939,1000.0,P2,Need check quality transport,P2,15,1.520.155.939,Need check quality transport,Open,TKN70620260105
EID,1/5/2026,TKN738,Telkomsel Radio IP,ACEH,12,63.43%,2.537.357.661,400.0,P2,Monitoring,P2,12,2.537.357.661,Monitoring,Open,TKN73820260105
EID,1/5/2026,TKN758,Leased Radio IP,ACEH,18,100.76%,2.015.140.326,200.0,P1,Capacity transport issue,P1,18,2.015.140.326,Capacity transport issue,Open,TKN75820260105
EID,1/5/2026,TRT239,Telkomsel Radio IP,PADANG SIDEMPUAN,19,13.36%,2.672.695.506,200.0,P1,Need check quality transport,P1,19,2.672.695.506,Need check quality transport,Open,TRT23920260105
EID,1/5/2026,TTN269,Leased Radio IP,ACEH,13,50.39%,2.015.674.439,400.0,P2,Need check quality transport,P2,13,2.015.674.439,Need check quality transport,Open,TTN26920260105
EID,1/5/2026,TUK070,Telkomsel Radio IP,PADANG SIDEMPUAN,15,46.32%,1.852.844.671,400.0,P2,Need check quality transport,P2,15,1.852.844.671,Need check quality transport,Open,TUK07020260105
EID,1/5/2026,TUK385,Leased Radio IP,PADANG SIDEMPUAN,17,97.41%,1.948.266.782,200.0,P2,Capacity transport issue,P2,17,1.948.266.782,Capacity transport issue,Open,TUK38520260105
EID,1/5/2026,TUK934,Telkomsel Radio IP,PADANG SIDEMPUAN,12,25.13%,2.010.629.769,800.0,P2,Need check quality transport,P2,12,2.010.629.769,Need check quality transport,Open,TUK93420260105
EID,1/5/2026,TUK937,Leased Radio IP,PADANG SIDEMPUAN,12,100.55%,2.010.996.617,200.0,P2,Capacity transport issue,P2,12,2.010.996.617,Capacity transport issue,Open,TUK93720260105
HUAWEI,1/5/2026,BJI049,Telkomsel Radio IP,BINJAI,17,104.90%,209.809.256,200.0,P2,Capacity transport issue,P2,17,209.809.256,Capacity transport issue,Open,BJI04920260105
HUAWEI,1/5/2026,BJI111,Leased Radio IP,BINJAI,12,200.79%,200.791.264,100.0,P2,Capacity transport issue,P2,12,200.791.264,Capacity transport issue,Open,BJI11120260105
HUAWEI,1/5/2026,BJI152,Telkomsel Radio IP,BINJAI,21,99.64%,19.928.984,200.0,P1,Capacity transport issue,P1,21,19.928.984,Capacity transport issue,Open,BJI15220260105
HUAWEI,1/5/2026,BJI164,BTS Hotel,BINJAI,13,242.14%,24.214.328,100.0,P2,Capacity transport issue,P2,13,24.214.328,Capacity transport issue,Open,BJI16420260105
HUAWEI,1/5/2026,BJI170,Metro-E,BINJAI,13,21.40%,214.037.224,1000.0,P2,need check quality transport,P2,13,214.037.224,need check quality transport,Open,BJI17020260105
HUAWEI,1/5/2026,BJI178,Metro-E,BINJAI,13,35.97%,35.969.448,1000.0,P2,need check quality transport,P2,13,35.969.448,need check quality transport,Open,BJI17820260105
HUAWEI,1/5/2026,BJI179,Metro-E,BINJAI,12,38.93%,389.335.928,1000.0,P2,need check quality transport,P2,12,389.335.928,need check quality transport,Open,BJI17920260105
HUAWEI,1/5/2026,BJI191,Telkomsel Radio IP,BINJAI,15,97.42%,194.830.176,200.0,P2,Capacity transport issue,P2,15,194.830.176,Capacity transport issue,Open,BJI19120260105
HUAWEI,1/5/2026,BJI192,Metro-E,BINJAI,14,32.27%,322.674.888,1000.0,P2,need check quality transport,P2,14,322.674.888,need check quality transport,Open,BJI19220260105
HUAWEI,1/5/2026,BJI232,Metro-E,BINJAI,14,42.38%,423.841.536,1000.0,P2,need check quality transport,P2,14,423.841.536,need check quality transport,Open,BJI23220260105
HUAWEI,1/5/2026,BJI274,Leased Radio IP,BINJAI,13,68.55%,205.653.616,300.0,P2,monitoring,P2,13,205.653.616,monitoring,Open,BJI27420260105
HUAWEI,1/5/2026,BJI507,Metro-E,BINJAI,13,29.44%,294.424.224,1000.0,P2,need check quality transport,P2,13,294.424.224,need check quality transport,Open,BJI50720260105
HUAWEI,1/5/2026,BJI514,Metro-E,BINJAI,12,28.31%,283.135.896,1000.0,P2,need check quality transport,P2,12,283.135.896,need check quality transport,Open,BJI51420260105
HUAWEI,1/5/2026,BJI735,Metro-E,BINJAI,16,37.10%,370.998.488,1000.0,P2,need check quality transport,P2,16,370.998.488,need check quality transport,Open,BJI73520260105
HUAWEI,1/5/2026,BJI736,Metro-E,BINJAI,12,34.50%,345.028.768,1000.0,P2,need check quality transport,P2,12,345.028.768,need check quality transport,Open,BJI73620260105
HUAWEI,1/5/2026,LBP002,Metro-E,MEDAN,17,45.10%,450.958.248,1000.0,P2,need check quality transport,P2,17,450.958.248,need check quality transport,Open,LBP00220260105
HUAWEI,1/5/2026,LBP007,Metro-E,MEDAN,15,43.98%,439.821.784,1000.0,P2,need check quality transport,P2,15,439.821.784,need check quality transport,Open,LBP00720260105
HUAWEI,1/5/2026,LBP016,Telkomsel Radio IP,MEDAN,17,100.74%,201.483.584,200.0,P2,Capacity transport issue,P2,17,201.483.584,Capacity transport issue,Open,LBP01620260105
HUAWEI,1/5/2026,LBP017,Metro-E,MEDAN,13,33.77%,33.770.632,1000.0,P2,need check quality transport,P2,13,33.770.632,need check quality transport,Open,LBP01720260105
HUAWEI,1/5/2026,LBP028,Telkomsel Radio IP,MEDAN,14,92.07%,184.145.456,200.0,P2,Capacity transport issue,P2,14,184.145.456,Capacity transport issue,Open,LBP02820260105
HUAWEI,1/5/2026,LBP029,Metro-E,MEDAN,12,23.17%,231.684.552,1000.0,P2,need check quality transport,P2,12,231.684.552,need check quality transport,Open,LBP02920260105
HUAWEI,1/5/2026,LBP030,Metro-E,MEDAN,13,59.55%,595.453.352,1000.0,P2,need check quality transport,P2,13,595.453.352,need check quality transport,Open,LBP03020260105
HUAWEI,1/5/2026,LBP031,Leased Radio IP,MEDAN,23,101.15%,20.230.032,200.0,P1,Capacity transport issue,P1,23,20.230.032,Capacity transport issue,Open,LBP03120260105
HUAWEI,1/5/2026,LBP032,Leased Radio IP,PEMATANG SIANTAR,19,104.90%,209.795.864,200.0,P1,Capacity transport issue,P1,19,209.795.864,Capacity transport issue,Open,LBP03220260105
HUAWEI,1/5/2026,LBP035,Telkomsel Radio IP,PEMATANG SIANTAR,18,99.79%,199.583.472,200.0,P1,Capacity transport issue,P1,18,199.583.472,Capacity transport issue,Open,LBP03520260105
HUAWEI,1/5/2026,LBP052,Metro-E,PEMATANG SIANTAR,13,4.11%,410.921.936,10000.0,P2,need check quality transport,P2,13,410.921.936,need check quality transport,Open,LBP05220260105
HUAWEI,1/5/2026,LBP054,Metro-E,MEDAN,12,31.61%,316.072.904,1000.0,P2,need check quality transport,P2,12,316.072.904,need check quality transport,Open,LBP05420260105
HUAWEI,1/5/2026,LBP056,Metro-E,MEDAN,15,41.00%,409.995.304,1000.0,P2,need check quality transport,P2,15,409.995.304,need check quality transport,Open,LBP05620260105
HUAWEI,1/5/2026,LBP057,Telkomsel Radio IP,MEDAN,12,168.14%,336.280.008,200.0,P2,Capacity transport issue,P2,12,336.280.008,Capacity transport issue,Open,LBP05720260105
HUAWEI,1/5/2026,LBP059,Metro-E,MEDAN,13,40.50%,404.984.672,1000.0,P2,need check quality transport,P2,13,404.984.672,need check quality transport,Open,LBP05920260105
HUAWEI,1/5/2026,LBP069,Metro-E,MEDAN,15,44.82%,448.198.192,1000.0,P2,need check quality transport,P2,15,448.198.192,need check quality transport,Open,LBP06920260105
HUAWEI,1/5/2026,LBP071,Telkomsel Radio IP,PEMATANG SIANTAR,19,52.72%,21.086.364,400.0,P1,need check quality transport,P1,19,21.086.364,need check quality transport,Open,LBP07120260105
HUAWEI,1/5/2026,LBP075,Metro-E,PEMATANG SIANTAR,14,30.63%,306.271.712,1000.0,P2,need check quality transport,P2,14,306.271.712,need check quality transport,Open,LBP07520260105
HUAWEI,1/5/2026,LBP076,Leased Radio IP,PEMATANG SIANTAR,14,134.94%,269.873.328,200.0,P2,Capacity transport issue,P2,14,269.873.328,Capacity transport issue,Open,LBP07620260105
HUAWEI,1/5/2026,LBP085,Telkomsel Radio IP,PEMATANG SIANTAR,15,94.86%,37.945.928,400.0,P2,Capacity transport issue,P2,15,37.945.928,Capacity transport issue,Open,LBP08520260105
HUAWEI,1/5/2026,LBP087,Metro-E,MEDAN,12,38.05%,380.543.768,1000.0,P2,need check quality transport,P2,12,380.543.768,need check quality transport,Open,LBP08720260105
HUAWEI,1/5/2026,LBP092,Metro-E,MEDAN,16,37.39%,37.389.192,1000.0,P2,need check quality transport,P2,16,37.389.192,need check quality transport,Open,LBP09220260105
HUAWEI,1/5/2026,LBP094,Metro-E,MEDAN,13,29.72%,29.717.304,1000.0,P2,need check quality transport,P2,13,29.717.304,need check quality transport,Open,LBP09420260105
HUAWEI,1/5/2026,LBP108,Metro-E,MEDAN,16,35.99%,359.866.384,1000.0,P2,need check quality transport,P2,16,359.866.384,need check quality transport,Open,LBP10820260105
HUAWEI,1/5/2026,LBP117,Leased Radio IP,PEMATANG SIANTAR,13,33.92%,203.548.728,600.0,P2,need check quality transport,P2,13,203.548.728,need check quality transport,Open,LBP11720260105
HUAWEI,1/5/2026,LBP119,Metro-E,MEDAN,13,34.61%,346.097.952,1000.0,P2,need check quality transport,P2,13,346.097.952,need check quality transport,Open,LBP11920260105
HUAWEI,1/5/2026,LBP124,Leased Radio IP,MEDAN,16,56.79%,34.075.984,600.0,P2,need check quality transport,P2,16,34.075.984,need check quality transport,Open,LBP12420260105
HUAWEI,1/5/2026,LBP125,Metro-E,MEDAN,13,31.28%,312.805.288,1000.0,P2,need check quality transport,P2,13,312.805.288,need check quality transport,Open,LBP12520260105
HUAWEI,1/5/2026,LBP130,Telkomsel Radio IP,MEDAN,19,97.90%,195.800.816,200.0,P1,Capacity transport issue,P1,19,195.800.816,Capacity transport issue,Open,LBP13020260105
HUAWEI,1/5/2026,LBP131,Metro-E,MEDAN,13,48.72%,487.220.248,1000.0,P2,need check quality transport,P2,13,487.220.248,need check quality transport,Open,LBP13120260105
HUAWEI,1/5/2026,LBP132,Metro-E,MEDAN,16,30.90%,30.898.928,1000.0,P2,need check quality transport,P2,16,30.898.928,need check quality transport,Open,LBP13220260105
HUAWEI,1/5/2026,LBP136,Leased Radio IP,PEMATANG SIANTAR,14,40.10%,320.806.504,800.0,P2,need check quality transport,P2,14,320.806.504,need check quality transport,Open,LBP13620260105
HUAWEI,1/5/2026,LBP142,Metro-E,MEDAN,12,40.80%,408.019.432,1000.0,P2,need check quality transport,P2,12,408.019.432,need check quality transport,Open,LBP14220260105
HUAWEI,1/5/2026,LBP143,Metro-E,MEDAN,12,35.26%,352.602.824,1000.0,P2,need check quality transport,P2,12,352.602.824,need check quality transport,Open,LBP14320260105
HUAWEI,1/5/2026,LBP146,Metro-E,MEDAN,15,34.85%,348.508.264,1000.0,P2,need check quality transport,P2,15,348.508.264,need check quality transport,Open,LBP14620260105
HUAWEI,1/5/2026,LBP148,Metro-E,PEMATANG SIANTAR,13,25.93%,25.928.208,1000.0,P2,need check quality transport,P2,13,25.928.208,need check quality transport,Open,LBP14820260105
HUAWEI,1/5/2026,LBP149,Metro-E,PEMATANG SIANTAR,13,20.85%,208.523.816,1000.0,P2,need check quality transport,P2,13,208.523.816,need check quality transport,Open,LBP14920260105
HUAWEI,1/5/2026,LBP150,Telkomsel Radio IP,MEDAN,21,100.35%,200.696.856,200.0,P1,Capacity transport issue,P1,21,200.696.856,Capacity transport issue,Open,LBP15020260105
HUAWEI,1/5/2026,LBP157,Telkomsel Radio IP,PEMATANG SIANTAR,21,80.46%,160.921.672,200.0,P1,Capacity transport issue,P1,21,160.921.672,Capacity transport issue,Open,LBP15720260105
HUAWEI,1/5/2026,LBP166,Metro-E,MEDAN,12,30.04%,300.375.696,1000.0,P2,need check quality transport,P2,12,300.375.696,need check quality transport,Open,LBP16620260105
HUAWEI,1/5/2026,LBP170,Metro-E,MEDAN,12,38.13%,381.345.688,1000.0,P2,need check quality transport,P2,12,381.345.688,need check quality transport,Open,LBP17020260105
HUAWEI,1/5/2026,LBP173,Telkomsel Radio IP,MEDAN,19,104.89%,209.789.832,200.0,P1,Capacity transport issue,P1,19,209.789.832,Capacity transport issue,Open,LBP17320260105
HUAWEI,1/5/2026,LBP178,Metro-E,PEMATANG SIANTAR,13,50.85%,508.483.328,1000.0,P2,need check quality transport,P2,13,508.483.328,need check quality transport,Open,LBP17820260105
HUAWEI,1/5/2026,LBP182,Metro-E,MEDAN,15,30.85%,308.485.408,1000.0,P2,need check quality transport,P2,15,308.485.408,need check quality transport,Open,LBP18220260105
HUAWEI,1/5/2026,LBP183,Leased Radio IP,MEDAN,19,52.96%,211.825.576,400.0,P1,need check quality transport,P1,19,211.825.576,need check quality transport,Open,LBP18320260105
HUAWEI,1/5/2026,LBP186,Metro-E,PEMATANG SIANTAR,12,49.77%,497.696.312,1000.0,P2,need check quality transport,P2,12,497.696.312,need check quality transport,Open,LBP18620260105
HUAWEI,1/5/2026,LBP189,Metro-E,MEDAN,13,31.72%,317.192.384,1000.0,P2,need check quality transport,P2,13,317.192.384,need check quality transport,Open,LBP18920260105
HUAWEI,1/5/2026,LBP191,Metro-E,MEDAN,12,28.00%,28.003.684,1000.0,P2,need check quality transport,P2,12,28.003.684,need check quality transport,Open,LBP19120260105
HUAWEI,1/5/2026,LBP196,Metro-E,MEDAN,13,40.62%,406.249.328,1000.0,P2,need check quality transport,P2,13,406.249.328,need check quality transport,Open,LBP19620260105
HUAWEI,1/5/2026,LBP200,Leased Radio IP,PEMATANG SIANTAR,18,104.76%,209.511.584,200.0,P1,Capacity transport issue,P1,18,209.511.584,Capacity transport issue,Open,LBP20020260105
HUAWEI,1/5/2026,LBP205,Telkomsel Radio IP,PEMATANG SIANTAR,17,47.31%,18.922.492,400.0,P2,need check quality transport,P2,17,18.922.492,need check quality transport,Open,LBP20520260105
HUAWEI,1/5/2026,LBP208,Metro-E,MEDAN,14,42.64%,426.409.352,1000.0,P2,need check quality transport,P2,14,426.409.352,need check quality transport,Open,LBP20820260105
HUAWEI,1/5/2026,LBP217,Telkomsel Radio IP,MEDAN,22,48.70%,194.797.496,400.0,P1,need check quality transport,P1,22,194.797.496,need check quality transport,Open,LBP21720260105
HUAWEI,1/5/2026,LBP227,Metro-E,PEMATANG SIANTAR,12,47.11%,471.108.744,1000.0,P2,need check quality transport,P2,12,471.108.744,need check quality transport,Open,LBP22720260105
HUAWEI,1/5/2026,LBP236,Metro-E,MEDAN,14,46.57%,465.662.632,1000.0,P2,need check quality transport,P2,14,465.662.632,need check quality transport,Open,LBP23620260105
HUAWEI,1/5/2026,LBP244,Metro-E,MEDAN,12,41.22%,412.194.632,1000.0,P2,need check quality transport,P2,12,412.194.632,need check quality transport,Open,LBP24420260105
HUAWEI,1/5/2026,LBP250,Metro-E,MEDAN,15,49.06%,490.643.416,1000.0,P2,need check quality transport,P2,15,490.643.416,need check quality transport,Open,LBP25020260105
HUAWEI,1/5/2026,LBP262,Metro-E,MEDAN,14,34.53%,345.283.296,1000.0,P2,need check quality transport,P2,14,345.283.296,need check quality transport,Open,LBP26220260105
HUAWEI,1/5/2026,LBP263,Telkomsel Radio IP,PEMATANG SIANTAR,14,84.15%,336.610.656,400.0,P2,Capacity transport issue,P2,14,336.610.656,Capacity transport issue,Open,LBP26320260105
HUAWEI,1/5/2026,LBP264,Telkomsel Radio IP,PEMATANG SIANTAR,17,58.92%,353.545.712,600.0,P2,need check quality transport,P2,17,353.545.712,need check quality transport,Open,LBP26420260105
HUAWEI,1/5/2026,LBP295,Leased Radio IP,PEMATANG SIANTAR,15,70.92%,42.552.292,600.0,P2,monitoring,P2,15,42.552.292,monitoring,Open,LBP29520260105
HUAWEI,1/5/2026,LBP313,Metro-E,MEDAN,13,28.44%,284.437.376,1000.0,P2,need check quality transport,P2,13,284.437.376,need check quality transport,Open,LBP31320260105
HUAWEI,1/5/2026,LBP322,BTS Hotel,MEDAN,12,282.95%,28.294.656,100.0,P2,Capacity transport issue,P2,12,28.294.656,Capacity transport issue,Open,LBP32220260105
HUAWEI,1/5/2026,LBP330,Metro-E,MEDAN,16,36.82%,36.820.972,1000.0,P2,need check quality transport,P2,16,36.820.972,need check quality transport,Open,LBP33020260105
HUAWEI,1/5/2026,LBP331,Metro-E,MEDAN,14,44.80%,447.969.336,1000.0,P2,need check quality transport,P2,14,447.969.336,need check quality transport,Open,LBP33120260105
HUAWEI,1/5/2026,LBP332,Metro-E,MEDAN,14,34.70%,347.035.096,1000.0,P2,need check quality transport,P2,14,347.035.096,need check quality transport,Open,LBP33220260105
HUAWEI,1/5/2026,LBP334,Metro-E,MEDAN,13,27.88%,2.787.582,1000.0,P2,need check quality transport,P2,13,2.787.582,need check quality transport,Open,LBP33420260105
HUAWEI,1/5/2026,LBP342,Leased Radio IP,MEDAN,18,100.24%,20.047.236,200.0,P1,Capacity transport issue,P1,18,20.047.236,Capacity transport issue,Open,LBP34220260105
HUAWEI,1/5/2026,LBP344,Leased Radio IP,MEDAN,16,97.43%,292.299.968,300.0,P2,Capacity transport issue,P2,16,292.299.968,Capacity transport issue,Open,LBP34420260105
HUAWEI,1/5/2026,LBP349,Telkomsel Radio IP,MEDAN,19,96.30%,192.594.856,200.0,P1,Capacity transport issue,P1,19,192.594.856,Capacity transport issue,Open,LBP34920260105
HUAWEI,1/5/2026,LBP369,Metro-E,MEDAN,12,37.50%,374.964.128,1000.0,P2,need check quality transport,P2,12,374.964.128,need check quality transport,Open,LBP36920260105
HUAWEI,1/5/2026,LBP371,Metro-E,MEDAN,16,33.11%,331.104.136,1000.0,P2,need check quality transport,P2,16,331.104.136,need check quality transport,Open,LBP37120260105
HUAWEI,1/5/2026,LBP387,Metro-E,MEDAN,16,43.17%,431.683.512,1000.0,P2,need check quality transport,P2,16,431.683.512,need check quality transport,Open,LBP38720260105
HUAWEI,1/5/2026,LBP388,Metro-E,MEDAN,14,23.73%,237.287.728,1000.0,P2,need check quality transport,P2,14,237.287.728,need check quality transport,Open,LBP38820260105
HUAWEI,1/5/2026,LBP390,Metro-E,MEDAN,12,45.99%,459.938.712,1000.0,P2,need check quality transport,P2,12,459.938.712,need check quality transport,Open,LBP39020260105
HUAWEI,1/5/2026,LBP412,Metro-E,PEMATANG SIANTAR,12,24.68%,246.777.432,1000.0,P2,need check quality transport,P2,12,246.777.432,need check quality transport,Open,LBP41220260105
HUAWEI,1/5/2026,LBP416,Metro-E,MEDAN,13,36.54%,365.414.416,1000.0,P2,need check quality transport,P2,13,365.414.416,need check quality transport,Open,LBP41620260105
HUAWEI,1/5/2026,LBP421,Metro-E,PEMATANG SIANTAR,16,33.50%,334.980.704,1000.0,P2,need check quality transport,P2,16,334.980.704,need check quality transport,Open,LBP42120260105
HUAWEI,1/5/2026,LBP424,Metro-E,MEDAN,12,35.57%,35.572.764,1000.0,P2,need check quality transport,P2,12,35.572.764,need check quality transport,Open,LBP42420260105
HUAWEI,1/5/2026,LBP426,Telkomsel Radio IP,MEDAN,22,101.66%,203.315.456,200.0,P1,Capacity transport issue,P1,22,203.315.456,Capacity transport issue,Open,LBP42620260105
HUAWEI,1/5/2026,LBP434,Metro-E,MEDAN,12,25.99%,259.872.872,1000.0,P2,need check quality transport,P2,12,259.872.872,need check quality transport,Open,LBP43420260105
HUAWEI,1/5/2026,LBP445,Leased Radio IP,MEDAN,21,100.73%,201.468.888,200.0,P1,Capacity transport issue,P1,21,201.468.888,Capacity transport issue,Open,LBP44520260105
HUAWEI,1/5/2026,LBP446,Metro-E,MEDAN,13,26.90%,268.979.352,1000.0,P2,need check quality transport,P2,13,268.979.352,need check quality transport,Open,LBP44620260105
HUAWEI,1/5/2026,LBP450,Metro-E,MEDAN,13,34.73%,347.275.704,1000.0,P2,need check quality transport,P2,13,347.275.704,need check quality transport,Open,LBP45020260105
HUAWEI,1/5/2026,LBP454,Metro-E,MEDAN,12,18.36%,1.835.708,1000.0,P2,need check quality transport,P2,12,1.835.708,need check quality transport,Open,LBP45420260105
HUAWEI,1/5/2026,LBP456,Metro-E,MEDAN,15,36.21%,36.209.508,1000.0,P2,need check quality transport,P2,15,36.209.508,need check quality transport,Open,LBP45620260105
HUAWEI,1/5/2026,LBP471,Leased Radio IP,MEDAN,22,106.27%,212.532.856,200.0,P1,Capacity transport issue,P1,22,212.532.856,Capacity transport issue,Open,LBP47120260105
HUAWEI,1/5/2026,LBP479,Leased Radio IP,PEMATANG SIANTAR,19,201.62%,201.623.608,100.0,P1,Capacity transport issue,P1,19,201.623.608,Capacity transport issue,Open,LBP47920260105
HUAWEI,1/5/2026,LBP488,Metro-E,MEDAN,12,37.72%,377.172.984,1000.0,P2,need check quality transport,P2,12,377.172.984,need check quality transport,Open,LBP48820260105
HUAWEI,1/5/2026,LBP500,Leased Radio IP,MEDAN,18,100.51%,201.025.736,200.0,P1,Capacity transport issue,P1,18,201.025.736,Capacity transport issue,Open,LBP50020260105
HUAWEI,1/5/2026,LBP513,Metro-E,MEDAN,15,43.91%,439.139.472,1000.0,P2,need check quality transport,P2,15,439.139.472,need check quality transport,Open,LBP51320260105
HUAWEI,1/5/2026,LBP517,Metro-E,MEDAN,13,55.14%,551.404.344,1000.0,P2,need check quality transport,P2,13,551.404.344,need check quality transport,Open,LBP51720260105
HUAWEI,1/5/2026,LBP518,Telkomsel Radio IP,MEDAN,12,91.06%,182.111.656,200.0,P2,Capacity transport issue,P2,12,182.111.656,Capacity transport issue,Open,LBP51820260105
HUAWEI,1/5/2026,LBP520,Leased Radio IP,MEDAN,21,101.16%,202.324.368,200.0,P1,Capacity transport issue,P1,21,202.324.368,Capacity transport issue,Open,LBP52020260105
HUAWEI,1/5/2026,LBP529,Metro-E,PEMATANG SIANTAR,17,29.17%,29.172.544,1000.0,P2,need check quality transport,P2,17,29.172.544,need check quality transport,Open,LBP52920260105
HUAWEI,1/5/2026,LBP553,Metro-E,MEDAN,13,46.79%,467.855.136,1000.0,P2,need check quality transport,P2,13,467.855.136,need check quality transport,Open,LBP55320260105
HUAWEI,1/5/2026,LBP565,Metro-E,MEDAN,13,23.72%,237.161.824,1000.0,P2,need check quality transport,P2,13,237.161.824,need check quality transport,Open,LBP56520260105
HUAWEI,1/5/2026,LBP571,Leased Radio IP,MEDAN,14,69.01%,138.025.312,200.0,P2,monitoring,P2,14,138.025.312,monitoring,Open,LBP57120260105
HUAWEI,1/5/2026,LBP577,Metro-E,MEDAN,13,30.63%,306.284.232,1000.0,P2,need check quality transport,P2,13,306.284.232,need check quality transport,Open,LBP57720260105
HUAWEI,1/5/2026,LBP592,Metro-E,MEDAN,24,10.03%,100.299.432,1000.0,P1,need check quality transport,P1,24,100.299.432,need check quality transport,Open,LBP59220260105
HUAWEI,1/5/2026,LBP604,Telkomsel Radio IP,MEDAN,13,51.87%,207.479.576,400.0,P2,need check quality transport,P2,13,207.479.576,need check quality transport,Open,LBP60420260105
HUAWEI,1/5/2026,LBP606,Metro-E,MEDAN,12,27.81%,278.083.256,1000.0,P2,need check quality transport,P2,12,278.083.256,need check quality transport,Open,LBP60620260105
HUAWEI,1/5/2026,LBP619,Telkomsel Radio IP,PEMATANG SIANTAR,15,97.75%,195.496.376,200.0,P2,Capacity transport issue,P2,15,195.496.376,Capacity transport issue,Open,LBP61920260105
HUAWEI,1/5/2026,LBP622,Leased Radio IP,PEMATANG SIANTAR,13,99.67%,199.331.936,200.0,P2,Capacity transport issue,P2,13,199.331.936,Capacity transport issue,Open,LBP62220260105
HUAWEI,1/5/2026,LBP624,Leased Radio IP,PEMATANG SIANTAR,16,100.21%,20.042.356,200.0,P2,Capacity transport issue,P2,16,20.042.356,Capacity transport issue,Open,LBP62420260105
HUAWEI,1/5/2026,LBP625,Telkomsel Radio IP,MEDAN,12,99.94%,19.987.556,200.0,P2,Capacity transport issue,P2,12,19.987.556,Capacity transport issue,Open,LBP62520260105
HUAWEI,1/5/2026,LBP631,Metro-E,MEDAN,13,31.82%,31.815.352,1000.0,P2,need check quality transport,P2,13,31.815.352,need check quality transport,Open,LBP63120260105
HUAWEI,1/5/2026,LBP639,Leased Radio IP,PEMATANG SIANTAR,21,100.42%,200.845.392,200.0,P1,Capacity transport issue,P1,21,200.845.392,Capacity transport issue,Open,LBP63920260105
HUAWEI,1/5/2026,LBP645,Metro-E,MEDAN,12,26.27%,262.743.088,1000.0,P2,need check quality transport,P2,12,262.743.088,need check quality transport,Open,LBP64520260105
HUAWEI,1/5/2026,LBP646,Telkomsel Radio IP,MEDAN,16,98.70%,197.393.112,200.0,P2,Capacity transport issue,P2,16,197.393.112,Capacity transport issue,Open,LBP64620260105
HUAWEI,1/5/2026,LBP660,Metro-E,PEMATANG SIANTAR,14,32.03%,320.290.344,1000.0,P2,need check quality transport,P2,14,320.290.344,need check quality transport,Open,LBP66020260105
HUAWEI,1/5/2026,LBP674,Metro-E,MEDAN,12,40.73%,4.073.232,1000.0,P2,need check quality transport,P2,12,4.073.232,need check quality transport,Open,LBP67420260105
HUAWEI,1/5/2026,LBP676,Metro-E,PEMATANG SIANTAR,14,22.08%,220.817.112,1000.0,P2,need check quality transport,P2,14,220.817.112,need check quality transport,Open,LBP67620260105
HUAWEI,1/5/2026,LBP681,Leased Radio IP,MEDAN,16,92.24%,184.475.904,200.0,P2,Capacity transport issue,P2,16,184.475.904,Capacity transport issue,Open,LBP68120260105
HUAWEI,1/5/2026,LBP686,Metro-E,PEMATANG SIANTAR,14,37.37%,373.714.792,1000.0,P2,need check quality transport,P2,14,373.714.792,need check quality transport,Open,LBP68620260105
HUAWEI,1/5/2026,LBP694,Metro-E,MEDAN,17,20.54%,205.353.096,1000.0,P2,need check quality transport,P2,17,205.353.096,need check quality transport,Open,LBP69420260105
HUAWEI,1/5/2026,LBP705,Metro-E,MEDAN,12,32.34%,323.446.168,1000.0,P2,need check quality transport,P2,12,323.446.168,need check quality transport,Open,LBP70520260105
HUAWEI,1/5/2026,LBP707,Metro-E,MEDAN,16,15.65%,156.533.232,1000.0,P2,need check quality transport,P2,16,156.533.232,need check quality transport,Open,LBP70720260105
HUAWEI,1/5/2026,LBP748,Metro-E,MEDAN,13,39.24%,392.399.752,1000.0,P2,need check quality transport,P2,13,392.399.752,need check quality transport,Open,LBP74820260105
HUAWEI,1/5/2026,LBP760,Telkomsel Radio IP,MEDAN,15,88.73%,354.931,400.0,P2,Capacity transport issue,P2,15,354.931,Capacity transport issue,Open,LBP76020260105
HUAWEI,1/5/2026,LBP767,Telkomsel Radio IP,PEMATANG SIANTAR,20,100.81%,2.016.244,200.0,P1,Capacity transport issue,P1,20,2.016.244,Capacity transport issue,Open,LBP76720260105
HUAWEI,1/5/2026,LBP820,Telkomsel Radio IP,MEDAN,19,40.04%,320.330.736,800.0,P1,need check quality transport,P1,19,320.330.736,need check quality transport,Open,LBP82020260105
HUAWEI,1/5/2026,LBP829,Metro-E,MEDAN,14,53.26%,532.623.408,1000.0,P2,need check quality transport,P2,14,532.623.408,need check quality transport,Open,LBP82920260105
HUAWEI,1/5/2026,LBP830,Telkomsel Radio IP,PEMATANG SIANTAR,19,106.46%,212.913.264,200.0,P1,Capacity transport issue,P1,19,212.913.264,Capacity transport issue,Open,LBP83020260105
HUAWEI,1/5/2026,LBP848,Metro-E,PEMATANG SIANTAR,14,42.69%,426.916.384,1000.0,P2,need check quality transport,P2,14,426.916.384,need check quality transport,Open,LBP84820260105
HUAWEI,1/5/2026,LBP850,Telkomsel Radio IP,PEMATANG SIANTAR,13,91.53%,3.661.394,400.0,P2,Capacity transport issue,P2,13,3.661.394,Capacity transport issue,Open,LBP85020260105
HUAWEI,1/5/2026,LBP860,Leased Radio IP,PEMATANG SIANTAR,12,102.32%,409.269.376,400.0,P2,Capacity transport issue,P2,12,409.269.376,Capacity transport issue,Open,LBP86020260105
HUAWEI,1/5/2026,LBP867,Metro-E,PEMATANG SIANTAR,13,16.96%,16.958.168,1000.0,P2,need check quality transport,P2,13,16.958.168,need check quality transport,Open,LBP86720260105
HUAWEI,1/5/2026,LBP869,Telkomsel Radio IP,MEDAN,21,99.84%,199.682.768,200.0,P1,Capacity transport issue,P1,21,199.682.768,Capacity transport issue,Open,LBP86920260105
HUAWEI,1/5/2026,LBP884,Metro-E,BINJAI,12,46.12%,46.120.028,1000.0,P2,need check quality transport,P2,12,46.120.028,need check quality transport,Open,LBP88420260105
HUAWEI,1/5/2026,LBP905,Metro-E,PEMATANG SIANTAR,24,10.03%,100.309.256,1000.0,P1,need check quality transport,P1,24,100.309.256,need check quality transport,Open,LBP90520260105
HUAWEI,1/5/2026,LBP911,Metro-E,PEMATANG SIANTAR,12,41.15%,4.114.762,1000.0,P2,need check quality transport,P2,12,4.114.762,need check quality transport,Open,LBP91120260105
HUAWEI,1/5/2026,LBP949,Metro-E,PEMATANG SIANTAR,13,46.43%,464.338.152,1000.0,P2,need check quality transport,P2,13,464.338.152,need check quality transport,Open,LBP94920260105
HUAWEI,1/5/2026,MDN010,Metro-E,MEDAN,19,55.52%,555.232.552,1000.0,P1,need check quality transport,P1,19,555.232.552,need check quality transport,Open,MDN01020260105
HUAWEI,1/5/2026,MDN013,Metro-E,MEDAN,12,45.97%,459.661.296,1000.0,P2,need check quality transport,P2,12,459.661.296,need check quality transport,Open,MDN01320260105
HUAWEI,1/5/2026,MDN016,Metro-E,MEDAN,14,57.12%,571.154.536,1000.0,P2,need check quality transport,P2,14,571.154.536,need check quality transport,Open,MDN01620260105
HUAWEI,1/5/2026,MDN017,Metro-E,MEDAN,12,49.77%,497.722.176,1000.0,P2,need check quality transport,P2,12,497.722.176,need check quality transport,Open,MDN01720260105
HUAWEI,1/5/2026,MDN027,Metro-E,MEDAN,13,51.27%,512.743.296,1000.0,P2,need check quality transport,P2,13,512.743.296,need check quality transport,Open,MDN02720260105
HUAWEI,1/5/2026,MDN028,Metro-E,MEDAN,13,34.89%,348.938.888,1000.0,P2,need check quality transport,P2,13,348.938.888,need check quality transport,Open,MDN02820260105
HUAWEI,1/5/2026,MDN033,Metro-E,MEDAN,13,41.50%,415.008.504,1000.0,P2,need check quality transport,P2,13,415.008.504,need check quality transport,Open,MDN03320260105
HUAWEI,1/5/2026,MDN039,Metro-E,MEDAN,14,43.91%,439.115.232,1000.0,P2,need check quality transport,P2,14,439.115.232,need check quality transport,Open,MDN03920260105
HUAWEI,1/5/2026,MDN042,Metro-E,MEDAN,12,55.36%,553.637.344,1000.0,P2,need check quality transport,P2,12,553.637.344,need check quality transport,Open,MDN04220260105
HUAWEI,1/5/2026,MDN043,Metro-E,MEDAN,17,40.28%,402.824.936,1000.0,P2,need check quality transport,P2,17,402.824.936,need check quality transport,Open,MDN04320260105
HUAWEI,1/5/2026,MDN050,Metro-E,MEDAN,12,39.91%,399.095.464,1000.0,P2,need check quality transport,P2,12,399.095.464,need check quality transport,Open,MDN05020260105
HUAWEI,1/5/2026,MDN055,Metro-E,MEDAN,13,46.45%,464.506.648,1000.0,P2,need check quality transport,P2,13,464.506.648,need check quality transport,Open,MDN05520260105
HUAWEI,1/5/2026,MDN057,Metro-E,MEDAN,16,44.17%,441.651.192,1000.0,P2,need check quality transport,P2,16,441.651.192,need check quality transport,Open,MDN05720260105
HUAWEI,1/5/2026,MDN062,Metro-E,MEDAN,13,60.90%,609.014.592,1000.0,P2,monitoring,P2,13,609.014.592,monitoring,Open,MDN06220260105
HUAWEI,1/5/2026,MDN063,Metro-E,MEDAN,17,46.37%,4.636.514,1000.0,P2,need check quality transport,P2,17,4.636.514,need check quality transport,Open,MDN06320260105
HUAWEI,1/5/2026,MDN071,Metro-E,MEDAN,12,38.04%,38.036.312,1000.0,P2,need check quality transport,P2,12,38.036.312,need check quality transport,Open,MDN07120260105
HUAWEI,1/5/2026,MDN077,Metro-E,MEDAN,16,45.05%,45.046.748,1000.0,P2,need check quality transport,P2,16,45.046.748,need check quality transport,Open,MDN07720260105
HUAWEI,1/5/2026,MDN084,Metro-E,MEDAN,16,45.62%,456.223.592,1000.0,P2,need check quality transport,P2,16,456.223.592,need check quality transport,Open,MDN08420260105
HUAWEI,1/5/2026,MDN088,Metro-E,MEDAN,13,38.49%,384.863.568,1000.0,P2,need check quality transport,P2,13,384.863.568,need check quality transport,Open,MDN08820260105
HUAWEI,1/5/2026,MDN096,BTS Hotel,MEDAN,13,299.96%,299.958.904,100.0,P2,Capacity transport issue,P2,13,299.958.904,Capacity transport issue,Open,MDN09620260105
HUAWEI,1/5/2026,MDN098,Metro-E,MEDAN,15,35.96%,359.566.752,1000.0,P2,need check quality transport,P2,15,359.566.752,need check quality transport,Open,MDN09820260105
HUAWEI,1/5/2026,MDN103,Metro-E,MEDAN,16,42.78%,427.804.128,1000.0,P2,need check quality transport,P2,16,427.804.128,need check quality transport,Open,MDN10320260105
HUAWEI,1/5/2026,MDN105,Metro-E,MEDAN,14,47.59%,475.944.056,1000.0,P2,need check quality transport,P2,14,475.944.056,need check quality transport,Open,MDN10520260105
HUAWEI,1/5/2026,MDN110,Metro-E,MEDAN,13,69.16%,69.164.536,1000.0,P2,monitoring,P2,13,69.164.536,monitoring,Open,MDN11020260105
HUAWEI,1/5/2026,MDN115,Metro-E,MEDAN,14,38.65%,386.539,1000.0,P2,need check quality transport,P2,14,386.539,need check quality transport,Open,MDN11520260105
HUAWEI,1/5/2026,MDN118,Metro-E,MEDAN,13,38.90%,389.035.368,1000.0,P2,need check quality transport,P2,13,389.035.368,need check quality transport,Open,MDN11820260105
HUAWEI,1/5/2026,MDN131,Metro-E,MEDAN,12,39.30%,3.929.786,1000.0,P2,need check quality transport,P2,12,3.929.786,need check quality transport,Open,MDN13120260105
HUAWEI,1/5/2026,MDN133,Metro-E,MEDAN,13,34.10%,340.961.264,1000.0,P2,need check quality transport,P2,13,340.961.264,need check quality transport,Open,MDN13320260105
HUAWEI,1/5/2026,MDN151,Metro-E,MEDAN,12,51.85%,518.464.392,1000.0,P2,need check quality transport,P2,12,518.464.392,need check quality transport,Open,MDN15120260105
HUAWEI,1/5/2026,MDN152,Metro-E,MEDAN,13,29.04%,290.418.064,1000.0,P2,need check quality transport,P2,13,290.418.064,need check quality transport,Open,MDN15220260105
HUAWEI,1/5/2026,MDN157,Metro-E,MEDAN,12,47.28%,472.795.808,1000.0,P2,need check quality transport,P2,12,472.795.808,need check quality transport,Open,MDN15720260105
HUAWEI,1/5/2026,MDN159,Metro-E,MEDAN,12,55.90%,558.980.736,1000.0,P2,need check quality transport,P2,12,558.980.736,need check quality transport,Open,MDN15920260105
HUAWEI,1/5/2026,MDN162,Metro-E,MEDAN,15,35.76%,357.616.768,1000.0,P2,need check quality transport,P2,15,357.616.768,need check quality transport,Open,MDN16220260105
HUAWEI,1/5/2026,MDN163,Metro-E,MEDAN,17,34.37%,343.733.736,1000.0,P2,need check quality transport,P2,17,343.733.736,need check quality transport,Open,MDN16320260105
HUAWEI,1/5/2026,MDN167,Metro-E,MEDAN,13,49.35%,493.475.624,1000.0,P2,need check quality transport,P2,13,493.475.624,need check quality transport,Open,MDN16720260105
HUAWEI,1/5/2026,MDN169,Metro-E,MEDAN,16,39.95%,399.471.944,1000.0,P2,need check quality transport,P2,16,399.471.944,need check quality transport,Open,MDN16920260105
HUAWEI,1/5/2026,MDN183,Tsel-Telkom Radio IP,MEDAN,20,31.99%,19.195.992,600.0,P1,need check quality transport,P1,20,19.195.992,need check quality transport,Open,MDN18320260105
HUAWEI,1/5/2026,MDN184,Metro-E,MEDAN,16,42.97%,429.735.808,1000.0,P2,need check quality transport,P2,16,429.735.808,need check quality transport,Open,MDN18420260105
HUAWEI,1/5/2026,MDN187,Metro-E,MEDAN,13,34.21%,342.117.272,1000.0,P2,need check quality transport,P2,13,342.117.272,need check quality transport,Open,MDN18720260105
HUAWEI,1/5/2026,MDN188,Metro-E,MEDAN,18,52.02%,520.170.296,1000.0,P1,need check quality transport,P1,18,520.170.296,need check quality transport,Open,MDN18820260105
HUAWEI,1/5/2026,MDN190,Metro-E,MEDAN,14,55.36%,55.358.852,1000.0,P2,need check quality transport,P2,14,55.358.852,need check quality transport,Open,MDN19020260105
HUAWEI,1/5/2026,MDN196,Metro-E,MEDAN,16,44.85%,448.506.032,1000.0,P2,need check quality transport,P2,16,448.506.032,need check quality transport,Open,MDN19620260105
HUAWEI,1/5/2026,MDN197,Metro-E,MEDAN,17,50.01%,500.112.752,1000.0,P2,need check quality transport,P2,17,500.112.752,need check quality transport,Open,MDN19720260105
HUAWEI,1/5/2026,MDN200,Metro-E,MEDAN,13,45.03%,450.325.168,1000.0,P2,need check quality transport,P2,13,450.325.168,need check quality transport,Open,MDN20020260105
HUAWEI,1/5/2026,MDN201,Metro-E,MEDAN,13,41.15%,411.502.128,1000.0,P2,need check quality transport,P2,13,411.502.128,need check quality transport,Open,MDN20120260105
HUAWEI,1/5/2026,MDN212,Metro-E,MEDAN,13,46.89%,468.851.248,1000.0,P2,need check quality transport,P2,13,468.851.248,need check quality transport,Open,MDN21220260105
HUAWEI,1/5/2026,MDN220,Metro-E,MEDAN,15,30.03%,300.269.008,1000.0,P2,need check quality transport,P2,15,300.269.008,need check quality transport,Open,MDN22020260105
HUAWEI,1/5/2026,MDN224,Metro-E,MEDAN,14,54.26%,542.604.808,1000.0,P2,need check quality transport,P2,14,542.604.808,need check quality transport,Open,MDN22420260105
HUAWEI,1/5/2026,MDN231,Metro-E,MEDAN,15,51.62%,51.618.176,1000.0,P2,need check quality transport,P2,15,51.618.176,need check quality transport,Open,MDN23120260105
HUAWEI,1/5/2026,MDN232,Metro-E,MEDAN,19,31.05%,310.480.216,1000.0,P1,need check quality transport,P1,19,310.480.216,need check quality transport,Open,MDN23220260105
HUAWEI,1/5/2026,MDN236,Metro-E,MEDAN,14,49.65%,496.522.576,1000.0,P2,need check quality transport,P2,14,496.522.576,need check quality transport,Open,MDN23620260105
HUAWEI,1/5/2026,MDN238,Metro-E,MEDAN,15,38.49%,384.857.208,1000.0,P2,need check quality transport,P2,15,384.857.208,need check quality transport,Open,MDN23820260105
HUAWEI,1/5/2026,MDN245,Metro-E,MEDAN,13,49.25%,492.454.696,1000.0,P2,need check quality transport,P2,13,492.454.696,need check quality transport,Open,MDN24520260105
HUAWEI,1/5/2026,MDN249,Metro-E,MEDAN,16,47.17%,471.670.408,1000.0,P2,need check quality transport,P2,16,471.670.408,need check quality transport,Open,MDN24920260105
HUAWEI,1/5/2026,MDN254,Metro-E,MEDAN,14,36.62%,36.622.908,1000.0,P2,need check quality transport,P2,14,36.622.908,need check quality transport,Open,MDN25420260105
HUAWEI,1/5/2026,MDN257,Metro-E,MEDAN,13,41.91%,419.059.144,1000.0,P2,need check quality transport,P2,13,419.059.144,need check quality transport,Open,MDN25720260105
HUAWEI,1/5/2026,MDN261,Metro-E,MEDAN,14,53.58%,535.769.376,1000.0,P2,need check quality transport,P2,14,535.769.376,need check quality transport,Open,MDN26120260105
HUAWEI,1/5/2026,MDN271,Metro-E,MEDAN,15,55.80%,557.953.976,1000.0,P2,need check quality transport,P2,15,557.953.976,need check quality transport,Open,MDN27120260105
HUAWEI,1/5/2026,MDN272,Metro-E,MEDAN,13,45.95%,459.472.056,1000.0,P2,need check quality transport,P2,13,459.472.056,need check quality transport,Open,MDN27220260105
HUAWEI,1/5/2026,MDN275,Metro-E,MEDAN,16,43.53%,43.525.308,1000.0,P2,need check quality transport,P2,16,43.525.308,need check quality transport,Open,MDN27520260105
HUAWEI,1/5/2026,MDN279,Metro-E,MEDAN,13,40.62%,406.248.888,1000.0,P2,need check quality transport,P2,13,406.248.888,need check quality transport,Open,MDN27920260105
HUAWEI,1/5/2026,MDN282,Metro-E,MEDAN,13,54.54%,545.379.688,1000.0,P2,need check quality transport,P2,13,545.379.688,need check quality transport,Open,MDN28220260105
HUAWEI,1/5/2026,MDN283,Metro-E,MEDAN,14,41.19%,4.119.082,1000.0,P2,need check quality transport,P2,14,4.119.082,need check quality transport,Open,MDN28320260105
HUAWEI,1/5/2026,MDN294,Metro-E,MEDAN,15,45.35%,453.527.608,1000.0,P2,need check quality transport,P2,15,453.527.608,need check quality transport,Open,MDN29420260105
HUAWEI,1/5/2026,MDN330,Metro-E,MEDAN,16,38.99%,3.899.194,1000.0,P2,need check quality transport,P2,16,3.899.194,need check quality transport,Open,MDN33020260105
HUAWEI,1/5/2026,MDN336,Metro-E,MEDAN,12,50.78%,507.775.408,1000.0,P2,need check quality transport,P2,12,507.775.408,need check quality transport,Open,MDN33620260105
HUAWEI,1/5/2026,MDN344,Metro-E,MEDAN,14,41.47%,414.706.256,1000.0,P2,need check quality transport,P2,14,414.706.256,need check quality transport,Open,MDN34420260105
HUAWEI,1/5/2026,MDN347,Metro-E,MEDAN,12,32.48%,324.816.216,1000.0,P2,need check quality transport,P2,12,324.816.216,need check quality transport,Open,MDN34720260105
HUAWEI,1/5/2026,MDN367,Metro-E,MEDAN,15,39.35%,393.546.208,1000.0,P2,need check quality transport,P2,15,393.546.208,need check quality transport,Open,MDN36720260105
HUAWEI,1/5/2026,MDN369,Metro-E,MEDAN,15,32.73%,32.734.724,1000.0,P2,need check quality transport,P2,15,32.734.724,need check quality transport,Open,MDN36920260105
HUAWEI,1/5/2026,MDN423,Metro-E,MEDAN,15,56.38%,563.752.576,1000.0,P2,need check quality transport,P2,15,563.752.576,need check quality transport,Open,MDN42320260105
HUAWEI,1/5/2026,MDN432,Metro-E,MEDAN,16,40.91%,40.907.964,1000.0,P2,need check quality transport,P2,16,40.907.964,need check quality transport,Open,MDN43220260105
HUAWEI,1/5/2026,MDN480,Metro-E,MEDAN,12,33.13%,331.260.984,1000.0,P2,need check quality transport,P2,12,331.260.984,need check quality transport,Open,MDN48020260105
HUAWEI,1/5/2026,MDN484,Leased Radio IP,MEDAN,13,109.64%,219.288.048,200.0,P2,Capacity transport issue,P2,13,219.288.048,Capacity transport issue,Open,MDN48420260105
HUAWEI,1/5/2026,MDN499,Metro-E,MEDAN,13,37.54%,375.388.952,1000.0,P2,need check quality transport,P2,13,375.388.952,need check quality transport,Open,MDN49920260105
HUAWEI,1/5/2026,MDN505,Metro-E,MEDAN,14,26.01%,2.600.846,1000.0,P2,need check quality transport,P2,14,2.600.846,need check quality transport,Open,MDN50520260105
HUAWEI,1/5/2026,MDN528,Metro-E,MEDAN,19,36.32%,36.315.992,1000.0,P1,need check quality transport,P1,19,36.315.992,need check quality transport,Open,MDN52820260105
HUAWEI,1/5/2026,MDN553,Metro-E,MEDAN,12,31.01%,310.088.696,1000.0,P2,need check quality transport,P2,12,310.088.696,need check quality transport,Open,MDN55320260105
HUAWEI,1/5/2026,MDN560,Metro-E,MEDAN,12,79.31%,793.051.944,1000.0,P2,monitoring,P2,12,793.051.944,monitoring,Open,MDN56020260105
HUAWEI,1/5/2026,MDN561,Metro-E,MEDAN,12,46.32%,46.317.344,1000.0,P2,need check quality transport,P2,12,46.317.344,need check quality transport,Open,MDN56120260105
HUAWEI,1/5/2026,MDN566,Metro-E,MEDAN,19,48.40%,48.397.888,1000.0,P1,need check quality transport,P1,19,48.397.888,need check quality transport,Open,MDN56620260105
HUAWEI,1/5/2026,MDN570,Metro-E,MEDAN,12,34.92%,349.229.432,1000.0,P2,need check quality transport,P2,12,349.229.432,need check quality transport,Open,MDN57020260105
HUAWEI,1/5/2026,MDN577,Metro-E,MEDAN,13,31.64%,316.392.072,1000.0,P2,need check quality transport,P2,13,316.392.072,need check quality transport,Open,MDN57720260105
HUAWEI,1/5/2026,MDN578,Metro-E,MEDAN,18,26.43%,264.298.624,1000.0,P1,need check quality transport,P1,18,264.298.624,need check quality transport,Open,MDN57820260105
HUAWEI,1/5/2026,MDN579,Metro-E,MEDAN,12,39.94%,39.944.188,1000.0,P2,need check quality transport,P2,12,39.944.188,need check quality transport,Open,MDN57920260105
HUAWEI,1/5/2026,MDN598,Metro-E,MEDAN,20,101.77%,203.546.008,200.0,P1,Capacity transport issue,P1,20,203.546.008,Capacity transport issue,Open,MDN59820260105
HUAWEI,1/5/2026,MDN599,Metro-E,MEDAN,13,33.04%,330.372.272,1000.0,P2,need check quality transport,P2,13,330.372.272,need check quality transport,Open,MDN59920260105
HUAWEI,1/5/2026,MDN609,Metro-E,MEDAN,18,38.27%,382.654.224,1000.0,P1,need check quality transport,P1,18,382.654.224,need check quality transport,Open,MDN60920260105
HUAWEI,1/5/2026,MDN617,Metro-E,MEDAN,13,31.39%,31.394.164,1000.0,P2,need check quality transport,P2,13,31.394.164,need check quality transport,Open,MDN61720260105
HUAWEI,1/5/2026,MDN623,Metro-E,MEDAN,13,33.68%,336.849.416,1000.0,P2,need check quality transport,P2,13,336.849.416,need check quality transport,Open,MDN62320260105
HUAWEI,1/5/2026,MDN630,Metro-E,MEDAN,16,32.19%,321.922.216,1000.0,P2,need check quality transport,P2,16,321.922.216,need check quality transport,Open,MDN63020260105
HUAWEI,1/5/2026,MDN634,Metro-E,MEDAN,16,32.96%,329.552.296,1000.0,P2,need check quality transport,P2,16,329.552.296,need check quality transport,Open,MDN63420260105
HUAWEI,1/5/2026,MDN639,Telkomsel Radio IP,MEDAN,18,99.30%,198.599.752,200.0,P1,Capacity transport issue,P1,18,198.599.752,Capacity transport issue,Open,MDN63920260105
HUAWEI,1/5/2026,MDN654,Metro-E,MEDAN,12,41.10%,411.009.664,1000.0,P2,need check quality transport,P2,12,411.009.664,need check quality transport,Open,MDN65420260105
HUAWEI,1/5/2026,MDN670,Metro-E,MEDAN,14,35.31%,353.094.136,1000.0,P2,need check quality transport,P2,14,353.094.136,need check quality transport,Open,MDN67020260105
HUAWEI,1/5/2026,MDN672,Metro-E,MEDAN,18,29.63%,296.316.208,1000.0,P1,need check quality transport,P1,18,296.316.208,need check quality transport,Open,MDN67220260105
HUAWEI,1/5/2026,MDN679,Metro-E,MEDAN,13,25.68%,256.837.784,1000.0,P2,need check quality transport,P2,13,256.837.784,need check quality transport,Open,MDN67920260105
HUAWEI,1/5/2026,MDN684,Metro-E,MEDAN,13,25.64%,256.407.112,1000.0,P2,need check quality transport,P2,13,256.407.112,need check quality transport,Open,MDN68420260105
HUAWEI,1/5/2026,MDN687,Metro-E,MEDAN,16,31.58%,315.840.928,1000.0,P2,need check quality transport,P2,16,315.840.928,need check quality transport,Open,MDN68720260105
HUAWEI,1/5/2026,MDN708,Metro-E,MEDAN,17,40.10%,400.982.824,1000.0,P2,need check quality transport,P2,17,400.982.824,need check quality transport,Open,MDN70820260105
HUAWEI,1/5/2026,MDN730,BTS Hotel,MEDAN,14,260.30%,260.297.424,100.0,P2,Capacity transport issue,P2,14,260.297.424,Capacity transport issue,Open,MDN73020260105
HUAWEI,1/5/2026,MDN740,Metro-E,MEDAN,12,23.35%,233.518.376,1000.0,P2,need check quality transport,P2,12,233.518.376,need check quality transport,Open,MDN74020260105
HUAWEI,1/5/2026,MDN744,Metro-E,MEDAN,12,39.11%,39.113.864,1000.0,P2,need check quality transport,P2,12,39.113.864,need check quality transport,Open,MDN74420260105
HUAWEI,1/5/2026,MDN746,Metro-E,MEDAN,12,40.45%,404.515.096,1000.0,P2,need check quality transport,P2,12,404.515.096,need check quality transport,Open,MDN74620260105
HUAWEI,1/5/2026,MDN755,Metro-E,MEDAN,12,35.77%,357.744.592,1000.0,P2,need check quality transport,P2,12,357.744.592,need check quality transport,Open,MDN75520260105
HUAWEI,1/5/2026,MDN756,Metro-E,MEDAN,12,43.44%,434.389.424,1000.0,P2,need check quality transport,P2,12,434.389.424,need check quality transport,Open,MDN75620260105
HUAWEI,1/5/2026,MDN768,Telkomsel Radio IP,MEDAN,18,51.29%,153.875.456,300.0,P1,need check quality transport,P1,18,153.875.456,need check quality transport,Open,MDN76820260105
HUAWEI,1/5/2026,MDN811,Metro-E,MEDAN,14,48.50%,48.504.192,1000.0,P2,need check quality transport,P2,14,48.504.192,need check quality transport,Open,MDN81120260105
HUAWEI,1/5/2026,MDN826,Metro-E,MEDAN,17,39.83%,398.293.576,1000.0,P2,need check quality transport,P2,17,398.293.576,need check quality transport,Open,MDN82620260105
HUAWEI,1/5/2026,MDN838,Metro-E,MEDAN,12,54.82%,54.815.592,1000.0,P2,need check quality transport,P2,12,54.815.592,need check quality transport,Open,MDN83820260105
HUAWEI,1/5/2026,MDN839,Metro-E,MEDAN,16,44.16%,441.599.144,1000.0,P2,need check quality transport,P2,16,441.599.144,need check quality transport,Open,MDN83920260105
HUAWEI,1/5/2026,MDN841,Metro-E,MEDAN,12,47.90%,478.987.016,1000.0,P2,need check quality transport,P2,12,478.987.016,need check quality transport,Open,MDN84120260105
HUAWEI,1/5/2026,MDN857,Metro-E,MEDAN,12,38.81%,38.808.896,1000.0,P2,need check quality transport,P2,12,38.808.896,need check quality transport,Open,MDN85720260105
HUAWEI,1/5/2026,MDN882,Metro-E,MEDAN,12,36.52%,365.227.904,1000.0,P2,need check quality transport,P2,12,365.227.904,need check quality transport,Open,MDN88220260105
HUAWEI,1/5/2026,MDN894,Metro-E,MEDAN,12,34.91%,349.120.768,1000.0,P2,need check quality transport,P2,12,349.120.768,need check quality transport,Open,MDN89420260105
HUAWEI,1/5/2026,MDN925,Metro-E,MEDAN,14,28.89%,28.885.872,1000.0,P2,need check quality transport,P2,14,28.885.872,need check quality transport,Open,MDN92520260105
HUAWEI,1/5/2026,MDN929,Metro-E,MEDAN,17,35.17%,35.173.348,1000.0,P2,need check quality transport,P2,17,35.173.348,need check quality transport,Open,MDN92920260105
HUAWEI,1/5/2026,MDN944,Telkomsel Radio IP,MEDAN,18,47.98%,191.913.472,400.0,P1,need check quality transport,P1,18,191.913.472,need check quality transport,Open,MDN94420260105
HUAWEI,1/5/2026,MDN953,Metro-E,MEDAN,12,47.52%,47.523.796,1000.0,P2,need check quality transport,P2,12,47.523.796,need check quality transport,Open,MDN95320260105
HUAWEI,1/5/2026,MDN963,Metro-E,MEDAN,14,42.56%,425.565.712,1000.0,P2,need check quality transport,P2,14,425.565.712,need check quality transport,Open,MDN96320260105
HUAWEI,1/5/2026,MDN965,Leased Radio IP,MEDAN,20,100.78%,201.554.352,200.0,P1,Capacity transport issue,P1,20,201.554.352,Capacity transport issue,Open,MDN96520260105
HUAWEI,1/5/2026,MDN973,Metro-E,MEDAN,15,31.00%,309.965.184,1000.0,P2,need check quality transport,P2,15,309.965.184,need check quality transport,Open,MDN97320260105
HUAWEI,1/5/2026,MDN982,Metro-E,MEDAN,16,39.99%,399.881.024,1000.0,P2,need check quality transport,P2,16,399.881.024,need check quality transport,Open,MDN98220260105
HUAWEI,1/5/2026,MDN983,Metro-E,MEDAN,17,40.22%,402.151.536,1000.0,P2,need check quality transport,P2,17,402.151.536,need check quality transport,Open,MDN98320260105
HUAWEI,1/5/2026,MDN984,Metro-E,MEDAN,12,47.20%,472.033.608,1000.0,P2,need check quality transport,P2,12,472.033.608,need check quality transport,Open,MDN98420260105
HUAWEI,1/5/2026,MDN994,Metro-E,MEDAN,12,35.76%,357.593.728,1000.0,P2,need check quality transport,P2,12,357.593.728,need check quality transport,Open,MDN99420260105
HUAWEI,1/5/2026,MDN998,Metro-E,MEDAN,12,34.36%,343.595.744,1000.0,P2,need check quality transport,P2,12,343.595.744,need check quality transport,Open,MDN99820260105
HUAWEI,1/5/2026,MDX016,BTS Hotel,MEDAN,13,254.08%,254.076.328,100.0,P2,Capacity transport issue,P2,13,254.076.328,Capacity transport issue,Open,MDX01620260105
HUAWEI,1/5/2026,MDX019,Metro-E,MEDAN,12,28.48%,28.481.624,1000.0,P2,need check quality transport,P2,12,28.481.624,need check quality transport,Open,MDX01920260105
HUAWEI,1/5/2026,MDX020,Metro-E,MEDAN,12,44.09%,440.911.168,1000.0,P2,need check quality transport,P2,12,440.911.168,need check quality transport,Open,MDX02020260105
HUAWEI,1/5/2026,MDX021,Metro-E,MEDAN,17,53.58%,535.761.328,1000.0,P2,need check quality transport,P2,17,535.761.328,need check quality transport,Open,MDX02120260105
HUAWEI,1/5/2026,MDX024,Metro-E,MEDAN,12,58.35%,58.349.524,1000.0,P2,need check quality transport,P2,12,58.349.524,need check quality transport,Open,MDX02420260105
HUAWEI,1/5/2026,MDX026,Metro-E,MEDAN,15,38.50%,385.012.456,1000.0,P2,need check quality transport,P2,15,385.012.456,need check quality transport,Open,MDX02620260105
HUAWEI,1/5/2026,MDX028,BTS Hotel,MEDAN,19,417.47%,417.471.416,100.0,P1,Capacity transport issue,P1,19,417.471.416,Capacity transport issue,Open,MDX02820260105
HUAWEI,1/5/2026,MDX031,Metro-E,MEDAN,14,43.61%,436.080.536,1000.0,P2,need check quality transport,P2,14,436.080.536,need check quality transport,Open,MDX03120260105
HUAWEI,1/5/2026,MDX041,Telkomsel Radio IP,MEDAN,22,100.64%,201.287.952,200.0,P1,Capacity transport issue,P1,22,201.287.952,Capacity transport issue,Open,MDX04120260105
HUAWEI,1/5/2026,MDX048,BTS Hotel,MEDAN,12,287.20%,28.719.888,100.0,P2,Capacity transport issue,P2,12,28.719.888,Capacity transport issue,Open,MDX04820260105
HUAWEI,1/5/2026,MDX050,Metro-E,MEDAN,15,16.16%,161.568.704,1000.0,P2,need check quality transport,P2,15,161.568.704,need check quality transport,Open,MDX05020260105
HUAWEI,1/5/2026,MDX051,Metro-E,MEDAN,12,34.07%,340.747.368,1000.0,P2,need check quality transport,P2,12,340.747.368,need check quality transport,Open,MDX05120260105
HUAWEI,1/5/2026,MDX054,Telkomsel Radio IP,MEDAN,12,97.84%,391.370.192,400.0,P2,Capacity transport issue,P2,12,391.370.192,Capacity transport issue,Open,MDX05420260105
HUAWEI,1/5/2026,MDX056,Leased Radio IP,MEDAN,21,98.84%,197.682.056,200.0,P1,Capacity transport issue,P1,21,197.682.056,Capacity transport issue,Open,MDX05620260105
HUAWEI,1/5/2026,MDX064,Metro-E,MEDAN,13,40.71%,4.071.006,1000.0,P2,need check quality transport,P2,13,4.071.006,need check quality transport,Open,MDX06420260105
HUAWEI,1/5/2026,MDX068,Telkomsel Radio IP,MEDAN,24,62.89%,251.554.872,400.0,P1,monitoring,P1,24,251.554.872,monitoring,Open,MDX06820260105
HUAWEI,1/5/2026,MDX071,Telkomsel Radio IP,MEDAN,16,64.53%,258.111.552,400.0,P2,monitoring,P2,16,258.111.552,monitoring,Open,MDX07120260105
HUAWEI,1/5/2026,MDX093,Metro-E,MEDAN,15,31.62%,316.237.528,1000.0,P2,need check quality transport,P2,15,316.237.528,need check quality transport,Open,MDX09320260105
HUAWEI,1/5/2026,MDX094,Metro-E,MEDAN,13,40.30%,402.964.808,1000.0,P2,need check quality transport,P2,13,402.964.808,need check quality transport,Open,MDX09420260105
HUAWEI,1/5/2026,MDX099,Metro-E,MEDAN,15,26.94%,269.424.896,1000.0,P2,need check quality transport,P2,15,269.424.896,need check quality transport,Open,MDX09920260105
HUAWEI,1/5/2026,MDX106,Metro-E,MEDAN,13,37.60%,37.596.988,1000.0,P2,need check quality transport,P2,13,37.596.988,need check quality transport,Open,MDX10620260105
HUAWEI,1/5/2026,MDX114,Telkomsel Radio IP,MEDAN,14,70.10%,280.408.768,400.0,P2,monitoring,P2,14,280.408.768,monitoring,Open,MDX11420260105
HUAWEI,1/5/2026,MDX118,Metro-E,MEDAN,15,36.85%,36.846.284,1000.0,P2,need check quality transport,P2,15,36.846.284,need check quality transport,Open,MDX11820260105
HUAWEI,1/5/2026,MDX119,Metro-E,MEDAN,14,34.58%,345.806.096,1000.0,P2,need check quality transport,P2,14,345.806.096,need check quality transport,Open,MDX11920260105
HUAWEI,1/5/2026,MDX127,Metro-E,MEDAN,14,35.98%,359.816.296,1000.0,P2,need check quality transport,P2,14,359.816.296,need check quality transport,Open,MDX12720260105
HUAWEI,1/5/2026,MDX128,Metro-E,MEDAN,19,21.02%,21.019.764,1000.0,P1,need check quality transport,P1,19,21.019.764,need check quality transport,Open,MDX12820260105
HUAWEI,1/5/2026,MDX134,Metro-E,MEDAN,14,34.27%,342.665.696,1000.0,P2,need check quality transport,P2,14,342.665.696,need check quality transport,Open,MDX13420260105
HUAWEI,1/5/2026,MDX145,Telkomsel Radio IP,MEDAN,12,89.35%,178.697.736,200.0,P2,Capacity transport issue,P2,12,178.697.736,Capacity transport issue,Open,MDX14520260105
HUAWEI,1/5/2026,MDX154,Metro-E,MEDAN,13,31.90%,319.029.936,1000.0,P2,need check quality transport,P2,13,319.029.936,need check quality transport,Open,MDX15420260105
HUAWEI,1/5/2026,MDX160,Metro-E,MEDAN,16,36.41%,36.408.272,1000.0,P2,need check quality transport,P2,16,36.408.272,need check quality transport,Open,MDX16020260105
HUAWEI,1/5/2026,MDX162,Metro-E,MEDAN,12,31.89%,318.855.032,1000.0,P2,need check quality transport,P2,12,318.855.032,need check quality transport,Open,MDX16220260105
HUAWEI,1/5/2026,MDX166,Metro-E,MEDAN,12,27.70%,277.022.512,1000.0,P2,need check quality transport,P2,12,277.022.512,need check quality transport,Open,MDX16620260105
HUAWEI,1/5/2026,MDX170,Leased Radio IP,MEDAN,19,99.75%,199.502.264,200.0,P1,Capacity transport issue,P1,19,199.502.264,Capacity transport issue,Open,MDX17020260105
HUAWEI,1/5/2026,MDX181,Metro-E,MEDAN,13,48.89%,488.889.464,1000.0,P2,need check quality transport,P2,13,488.889.464,need check quality transport,Open,MDX18120260105
HUAWEI,1/5/2026,MDX211,Metro-E,MEDAN,13,47.22%,47.217.696,1000.0,P2,need check quality transport,P2,13,47.217.696,need check quality transport,Open,MDX21120260105
HUAWEI,1/5/2026,MDX219,BTS Hotel,MEDAN,22,124.30%,124.301.776,100.0,P1,Capacity transport issue,P1,22,124.301.776,Capacity transport issue,Open,MDX21920260105
HUAWEI,1/5/2026,MDX221,BTS Hotel,MEDAN,24,125.54%,125.541.312,100.0,P1,Capacity transport issue,P1,24,125.541.312,Capacity transport issue,Open,MDX22120260105
HUAWEI,1/5/2026,MDX223,Leased Radio IP,MEDAN,17,100.49%,200.977.536,200.0,P2,Capacity transport issue,P2,17,200.977.536,Capacity transport issue,Open,MDX22320260105
HUAWEI,1/5/2026,MDX224,Telkomsel Radio IP,MEDAN,20,100.02%,200.031.264,200.0,P1,Capacity transport issue,P1,20,200.031.264,Capacity transport issue,Open,MDX22420260105
HUAWEI,1/5/2026,MDX226,BTS Hotel,MEDAN,23,125.72%,125.720.184,100.0,P1,Capacity transport issue,P1,23,125.720.184,Capacity transport issue,Open,MDX22620260105
HUAWEI,1/5/2026,MDX237,Metro-E,MEDAN,12,27.41%,274.052.328,1000.0,P2,need check quality transport,P2,12,274.052.328,need check quality transport,Open,MDX23720260105
HUAWEI,1/5/2026,MDX249,Metro-E,MEDAN,13,46.78%,467.832.472,1000.0,P2,need check quality transport,P2,13,467.832.472,need check quality transport,Open,MDX24920260105
HUAWEI,1/5/2026,MDX272,Metro-E,MEDAN,24,10.05%,100.520.224,1000.0,P1,need check quality transport,P1,24,100.520.224,need check quality transport,Open,MDX27220260105
HUAWEI,1/5/2026,MDX274,Leased Radio IP,MEDAN,24,102.40%,204.790.656,200.0,P1,Capacity transport issue,P1,24,204.790.656,Capacity transport issue,Open,MDX27420260105
HUAWEI,1/5/2026,MDX275,Metro-E,MEDAN,13,36.89%,368.881.008,1000.0,P2,need check quality transport,P2,13,368.881.008,need check quality transport,Open,MDX27520260105
HUAWEI,1/5/2026,MDX278,Leased Radio IP,MEDAN,20,100.29%,200.576.504,200.0,P1,Capacity transport issue,P1,20,200.576.504,Capacity transport issue,Open,MDX27820260105
HUAWEI,1/5/2026,MDX293,Metro-E,MEDAN,16,28.07%,280.714.056,1000.0,P2,need check quality transport,P2,16,280.714.056,need check quality transport,Open,MDX29320260105
HUAWEI,1/5/2026,MDX295,Metro-E,MEDAN,15,30.35%,303.519.256,1000.0,P2,need check quality transport,P2,15,303.519.256,need check quality transport,Open,MDX29520260105
HUAWEI,1/5/2026,MDX303,Metro-E,MEDAN,13,22.97%,229.659.824,1000.0,P2,need check quality transport,P2,13,229.659.824,need check quality transport,Open,MDX30320260105
HUAWEI,1/5/2026,MDX311,Metro-E,MEDAN,14,39.10%,390.999.344,1000.0,P2,need check quality transport,P2,14,390.999.344,need check quality transport,Open,MDX31120260105
HUAWEI,1/5/2026,MDX316,Telkomsel Radio IP,MEDAN,20,100.48%,20.095.968,200.0,P1,Capacity transport issue,P1,20,20.095.968,Capacity transport issue,Open,MDX31620260105
HUAWEI,1/5/2026,MDX323,Metro-E,MEDAN,12,28.72%,287.212.168,1000.0,P2,need check quality transport,P2,12,287.212.168,need check quality transport,Open,MDX32320260105
HUAWEI,1/5/2026,MDX331,Metro-E,MEDAN,13,46.82%,468.235.552,1000.0,P2,need check quality transport,P2,13,468.235.552,need check quality transport,Open,MDX33120260105
HUAWEI,1/5/2026,MDX500,BTS Hotel,MEDAN,12,227.52%,227.518.096,100.0,P2,Capacity transport issue,P2,12,227.518.096,Capacity transport issue,Open,MDX50020260105
HUAWEI,1/5/2026,MDX508,BTS Hotel,MEDAN,12,204.61%,204.607.168,100.0,P2,Capacity transport issue,P2,12,204.607.168,Capacity transport issue,Open,MDX50820260105
HUAWEI,1/5/2026,MDX592,Metro-E,MEDAN,13,25.81%,258.122.304,1000.0,P2,need check quality transport,P2,13,258.122.304,need check quality transport,Open,MDX59220260105
HUAWEI,1/5/2026,MDX601,Telkomsel Radio IP,MEDAN,13,70.87%,2.834.888,400.0,P2,monitoring,P2,13,2.834.888,monitoring,Open,MDX60120260105
HUAWEI,1/5/2026,MDX605,Metro-E,MEDAN,13,29.23%,292.272.544,1000.0,P2,need check quality transport,P2,13,292.272.544,need check quality transport,Open,MDX60520260105
HUAWEI,1/5/2026,MDX608,Metro-E,MEDAN,13,44.70%,446.995.904,1000.0,P2,need check quality transport,P2,13,446.995.904,need check quality transport,Open,MDX60820260105
HUAWEI,1/5/2026,MDX609,Metro-E,MEDAN,12,36.95%,369.514.416,1000.0,P2,need check quality transport,P2,12,369.514.416,need check quality transport,Open,MDX60920260105
HUAWEI,1/5/2026,MDX612,Leased Radio IP,MEDAN,16,92.81%,371.224.072,400.0,P2,Capacity transport issue,P2,16,371.224.072,Capacity transport issue,Open,MDX61220260105
HUAWEI,1/5/2026,PMR383,Leased Radio IP,PEMATANG SIANTAR,14,201.43%,201.427.352,100.0,P2,Capacity transport issue,P2,14,201.427.352,Capacity transport issue,Open,PMR38320260105
HUAWEI,1/5/2026,STB001,Metro-E,BINJAI,16,30.93%,309.295.848,1000.0,P2,need check quality transport,P2,16,309.295.848,need check quality transport,Open,STB00120260105
HUAWEI,1/5/2026,STB004,Metro-E,BINJAI,12,37.02%,370.248.632,1000.0,P2,need check quality transport,P2,12,370.248.632,need check quality transport,Open,STB00420260105
HUAWEI,1/5/2026,STB007,Metro-E,BINJAI,13,41.93%,419.309.512,1000.0,P2,need check quality transport,P2,13,419.309.512,need check quality transport,Open,STB00720260105
HUAWEI,1/5/2026,STB009,Metro-E,BINJAI,13,35.84%,35.838.356,1000.0,P2,need check quality transport,P2,13,35.838.356,need check quality transport,Open,STB00920260105
HUAWEI,1/5/2026,STB022,Metro-E,BINJAI,13,44.65%,446.472.024,1000.0,P2,need check quality transport,P2,13,446.472.024,need check quality transport,Open,STB02220260105
HUAWEI,1/5/2026,STB023,Metro-E,BINJAI,12,47.08%,470.829.592,1000.0,P2,need check quality transport,P2,12,470.829.592,need check quality transport,Open,STB02320260105
HUAWEI,1/5/2026,STB032,Metro-E,BINJAI,13,30.69%,306.949.936,1000.0,P2,need check quality transport,P2,13,306.949.936,need check quality transport,Open,STB03220260105
HUAWEI,1/5/2026,STB035,Metro-E,BINJAI,13,24.25%,242.493.808,1000.0,P2,need check quality transport,P2,13,242.493.808,need check quality transport,Open,STB03520260105
HUAWEI,1/5/2026,STB040,Telkomsel Radio IP,BINJAI,16,72.16%,288.626.168,400.0,P2,monitoring,P2,16,288.626.168,monitoring,Open,STB04020260105
HUAWEI,1/5/2026,STB043,Leased Radio IP,BINJAI,16,68.67%,274.666.968,400.0,P2,monitoring,P2,16,274.666.968,monitoring,Open,STB04320260105
HUAWEI,1/5/2026,STB047,Metro-E,BINJAI,12,34.87%,348.735.432,1000.0,P2,need check quality transport,P2,12,348.735.432,need check quality transport,Open,STB04720260105
HUAWEI,1/5/2026,STB048,Metro-E,BINJAI,12,31.39%,313.915.152,1000.0,P2,need check quality transport,P2,12,313.915.152,need check quality transport,Open,STB04820260105
HUAWEI,1/5/2026,STB062,Metro-E,BINJAI,12,22.11%,221.127.944,1000.0,P2,need check quality transport,P2,12,221.127.944,need check quality transport,Open,STB06220260105
HUAWEI,1/5/2026,STB065,Tsel-Telkom Radio IP,BINJAI,13,40.91%,409.063.784,1000.0,P2,need check quality transport,P2,13,409.063.784,need check quality transport,Open,STB06520260105
HUAWEI,1/5/2026,STB080,Leased Radio IP,BINJAI,13,26.02%,260.195.848,1000.0,P2,need check quality transport,P2,13,260.195.848,need check quality transport,Open,STB08020260105
HUAWEI,1/5/2026,STB086,Leased Radio IP,BINJAI,13,49.58%,396.659.824,800.0,P2,need check quality transport,P2,13,396.659.824,need check quality transport,Open,STB08620260105
HUAWEI,1/5/2026,STB088,Metro-E,BINJAI,13,21.19%,21.190.864,1000.0,P2,need check quality transport,P2,13,21.190.864,need check quality transport,Open,STB08820260105
HUAWEI,1/5/2026,STB089,Metro-E,BINJAI,14,22.84%,228.353.176,1000.0,P2,need check quality transport,P2,14,228.353.176,need check quality transport,Open,STB08920260105
HUAWEI,1/5/2026,STB092,Leased Radio IP,BINJAI,12,41.69%,25.015.032,600.0,P2,need check quality transport,P2,12,25.015.032,need check quality transport,Open,STB09220260105
HUAWEI,1/5/2026,STB097,Tsel-Telkom Radio IP,BINJAI,16,57.67%,346.049.608,600.0,P2,need check quality transport,P2,16,346.049.608,need check quality transport,Open,STB09720260105
HUAWEI,1/5/2026,STB101,Telkomsel Radio IP,BINJAI,13,45.07%,270.395.688,600.0,P2,need check quality transport,P2,13,270.395.688,need check quality transport,Open,STB10120260105
HUAWEI,1/5/2026,STB112,Metro-E,BINJAI,14,28.23%,28.231.772,1000.0,P2,need check quality transport,P2,14,28.231.772,need check quality transport,Open,STB11220260105
HUAWEI,1/5/2026,STB116,Telkomsel Radio IP,BINJAI,12,93.20%,186.408.992,200.0,P2,Capacity transport issue,P2,12,186.408.992,Capacity transport issue,Open,STB11620260105
HUAWEI,1/5/2026,STB123,Telkomsel Radio IP,BINJAI,17,99.96%,199.918.736,200.0,P2,Capacity transport issue,P2,17,199.918.736,Capacity transport issue,Open,STB12320260105
HUAWEI,1/5/2026,STB128,Telkomsel Radio IP,BINJAI,22,99.07%,198.133.952,200.0,P1,Capacity transport issue,P1,22,198.133.952,Capacity transport issue,Open,STB12820260105
HUAWEI,1/5/2026,STB130,Telkomsel Radio IP,BINJAI,15,68.20%,272.816.176,400.0,P2,monitoring,P2,15,272.816.176,monitoring,Open,STB13020260105
HUAWEI,1/5/2026,STB146,Metro-E,BINJAI,13,25.04%,25.036.892,1000.0,P2,need check quality transport,P2,13,25.036.892,need check quality transport,Open,STB14620260105
HUAWEI,1/5/2026,STB148,Telkomsel Radio IP,BINJAI,17,92.62%,185.240.344,200.0,P2,Capacity transport issue,P2,17,185.240.344,Capacity transport issue,Open,STB14820260105
HUAWEI,1/5/2026,STB150,Leased Radio IP,BINJAI,12,69.71%,278.859.592,400.0,P2,monitoring,P2,12,278.859.592,monitoring,Open,STB15020260105
HUAWEI,1/5/2026,STB153,Leased Radio IP,BINJAI,17,20.94%,209.367.072,1000.0,P2,need check quality transport,P2,17,209.367.072,need check quality transport,Open,STB15320260105
HUAWEI,1/5/2026,STB163,Metro-E,BINJAI,16,20.12%,201.199.792,1000.0,P2,need check quality transport,P2,16,201.199.792,need check quality transport,Open,STB16320260105
HUAWEI,1/5/2026,STB200,Telkomsel Radio IP,BINJAI,17,97.94%,19.588.804,200.0,P2,Capacity transport issue,P2,17,19.588.804,Capacity transport issue,Open,STB20020260105
HUAWEI,1/5/2026,STB206,Metro-E,BINJAI,23,10.07%,100.695.536,1000.0,P1,need check quality transport,P1,23,100.695.536,need check quality transport,Open,STB20620260105
HUAWEI,1/5/2026,STB207,Telkomsel Radio IP,BINJAI,21,101.24%,202.489.688,200.0,P1,Capacity transport issue,P1,21,202.489.688,Capacity transport issue,Open,STB20720260105
HUAWEI,1/5/2026,STB220,Leased Radio IP,BINJAI,12,81.75%,327.019.552,400.0,P2,Capacity transport issue,P2,12,327.019.552,Capacity transport issue,Open,STB22020260105
HUAWEI,1/5/2026,STB223,Leased Radio IP,BINJAI,18,100.75%,201.499.552,200.0,P1,Capacity transport issue,P1,18,201.499.552,Capacity transport issue,Open,STB22320260105
HUAWEI,1/5/2026,STB234,Metro-E,BINJAI,12,26.21%,262.110.752,1000.0,P2,need check quality transport,P2,12,262.110.752,need check quality transport,Open,STB23420260105
HUAWEI,1/5/2026,STB235,Metro-E,BINJAI,13,19.74%,19.741.452,1000.0,P2,need check quality transport,P2,13,19.741.452,need check quality transport,Open,STB23520260105
HUAWEI,1/5/2026,STB237,Metro-E,BINJAI,12,45.74%,457.444.608,1000.0,P2,need check quality transport,P2,12,457.444.608,need check quality transport,Open,STB23720260105
HUAWEI,1/5/2026,STB246,Metro-E,BINJAI,12,32.15%,321.465.312,1000.0,P2,need check quality transport,P2,12,321.465.312,need check quality transport,Open,STB24620260105
HUAWEI,1/5/2026,STB248,Metro-E,BINJAI,14,27.95%,279.496.816,1000.0,P2,need check quality transport,P2,14,279.496.816,need check quality transport,Open,STB24820260105
HUAWEI,1/5/2026,STB249,Metro-E,BINJAI,13,20.25%,202.530.784,1000.0,P2,need check quality transport,P2,13,202.530.784,need check quality transport,Open,STB24920260105
HUAWEI,1/5/2026,STB251,Metro-E,BINJAI,13,37.50%,374.997.416,1000.0,P2,need check quality transport,P2,13,374.997.416,need check quality transport,Open,STB25120260105
HUAWEI,1/5/2026,STB253,Leased Radio IP,BINJAI,12,55.04%,220.179.488,400.0,P2,need check quality transport,P2,12,220.179.488,need check quality transport,Open,STB25320260105
HUAWEI,1/5/2026,STB258,Metro-E,BINJAI,12,26.83%,268.304.744,1000.0,P2,need check quality transport,P2,12,268.304.744,need check quality transport,Open,STB25820260105
HUAWEI,1/5/2026,STB265,Metro-E,BINJAI,12,32.43%,32.425.492,1000.0,P2,need check quality transport,P2,12,32.425.492,need check quality transport,Open,STB26520260105
HUAWEI,1/5/2026,STB275,Metro-E,BINJAI,15,25.19%,251.912.232,1000.0,P2,need check quality transport,P2,15,251.912.232,need check quality transport,Open,STB27520260105
HUAWEI,1/5/2026,STB288,Telkomsel Radio IP,BINJAI,19,98.18%,196.351.392,200.0,P1,Capacity transport issue,P1,19,196.351.392,Capacity transport issue,Open,STB28820260105
HUAWEI,1/5/2026,STB303,Metro-E,MEDAN,12,30.35%,303.499.768,1000.0,P2,need check quality transport,P2,12,303.499.768,need check quality transport,Open,STB30320260105
HUAWEI,1/5/2026,STB304,Metro-E,BINJAI,12,32.37%,323.727.032,1000.0,P2,need check quality transport,P2,12,323.727.032,need check quality transport,Open,STB30420260105
HUAWEI,1/5/2026,STB306,Telkomsel Radio IP,BINJAI,19,101.14%,202.277.104,200.0,P1,Capacity transport issue,P1,19,202.277.104,Capacity transport issue,Open,STB30620260105
HUAWEI,1/5/2026,STB308,Telkomsel Radio IP,BINJAI,12,99.01%,198.014.184,200.0,P2,Capacity transport issue,P2,12,198.014.184,Capacity transport issue,Open,STB30820260105
HUAWEI,1/5/2026,STB310,Metro-E,BINJAI,24,9.93%,99.300.496,1000.0,P1,need check quality transport,P1,24,99.300.496,need check quality transport,Open,STB31020260105
HUAWEI,1/5/2026,STB316,Telkomsel Radio IP,BINJAI,15,65.10%,1.301.958,200.0,P2,monitoring,P2,15,1.301.958,monitoring,Open,STB31620260105
HUAWEI,1/5/2026,STB317,Metro-E,BINJAI,16,22.00%,220.010.248,1000.0,P2,need check quality transport,P2,16,220.010.248,need check quality transport,Open,STB31720260105
HUAWEI,1/5/2026,STB318,Metro-E,BINJAI,13,33.60%,3.359.528,1000.0,P2,need check quality transport,P2,13,3.359.528,need check quality transport,Open,STB31820260105
HUAWEI,1/5/2026,STB319,Metro-E,BINJAI,13,20.79%,207.911.784,1000.0,P2,need check quality transport,P2,13,207.911.784,need check quality transport,Open,STB31920260105
HUAWEI,1/5/2026,STB327,Leased Radio IP,BINJAI,23,100.02%,200.034.704,200.0,P1,Capacity transport issue,P1,23,200.034.704,Capacity transport issue,Open,STB32720260105
HUAWEI,1/5/2026,STB339,Telkomsel Radio IP,BINJAI,16,51.14%,204.573.792,400.0,P2,need check quality transport,P2,16,204.573.792,need check quality transport,Open,STB33920260105
HUAWEI,1/5/2026,STB342,Telkomsel Radio IP,BINJAI,17,95.46%,190.929.336,200.0,P2,Capacity transport issue,P2,17,190.929.336,Capacity transport issue,Open,STB34220260105
HUAWEI,1/5/2026,STB344,Metro-E,BINJAI,16,32.38%,323.812.832,1000.0,P2,need check quality transport,P2,16,323.812.832,need check quality transport,Open,STB34420260105
HUAWEI,1/5/2026,STB346,Telkomsel Radio IP,BINJAI,12,42.97%,171.862.936,400.0,P2,need check quality transport,P2,12,171.862.936,need check quality transport,Open,STB34620260105
HUAWEI,1/5/2026,STB350,Metro-E,BINJAI,14,18.90%,18.899.636,1000.0,P2,need check quality transport,P2,14,18.899.636,need check quality transport,Open,STB35020260105
HUAWEI,1/5/2026,STB357,Metro-E,BINJAI,15,23.19%,231.924.768,1000.0,P2,need check quality transport,P2,15,231.924.768,need check quality transport,Open,STB35720260105
HUAWEI,1/5/2026,STB363,Telkomsel Radio IP,BINJAI,17,93.92%,18.784.948,200.0,P2,Capacity transport issue,P2,17,18.784.948,Capacity transport issue,Open,STB36320260105
HUAWEI,1/5/2026,STB370,Telkomsel Radio IP,BINJAI,18,100.40%,20.080.284,200.0,P1,Capacity transport issue,P1,18,20.080.284,Capacity transport issue,Open,STB37020260105
HUAWEI,1/5/2026,STB374,Telkomsel Radio IP,BINJAI,21,105.28%,210.550.696,200.0,P1,Capacity transport issue,P1,21,210.550.696,Capacity transport issue,Open,STB37420260105
HUAWEI,1/5/2026,STB376,Leased Radio IP,BINJAI,15,52.30%,209.184.672,400.0,P2,need check quality transport,P2,15,209.184.672,need check quality transport,Open,STB37620260105
HUAWEI,1/5/2026,STB379,Telkomsel Radio IP,BINJAI,16,52.26%,209.027.384,400.0,P2,need check quality transport,P2,16,209.027.384,need check quality transport,Open,STB37920260105
HUAWEI,1/5/2026,STB421,Telkomsel Radio IP,BINJAI,20,98.61%,19.722.016,200.0,P1,Capacity transport issue,P1,20,19.722.016,Capacity transport issue,Open,STB42120260105
HUAWEI,1/5/2026,STB594,Metro-E,BINJAI,14,38.94%,389.449.136,1000.0,P2,need check quality transport,P2,14,389.449.136,need check quality transport,Open,STB59420260105
HUAWEI,1/5/2026,STB706,Metro-E,BINJAI,13,33.52%,335.172.384,1000.0,P2,need check quality transport,P2,13,335.172.384,need check quality transport,Open,STB70620260105
HUAWEI,1/5/2026,STB807,Metro-E,BINJAI,14,45.15%,45.149.292,1000.0,P2,need check quality transport,P2,14,45.149.292,need check quality transport,Open,STB80720260105
HUAWEI,1/5/2026,STB862,Metro-E,BINJAI,12,41.68%,41.683.384,1000.0,P2,need check quality transport,P2,12,41.683.384,need check quality transport,Open,STB86220260105
HUAWEI,1/5/2026,STB891,Metro-E,BINJAI,16,29.37%,293.715.632,1000.0,P2,need check quality transport,P2,16,293.715.632,need check quality transport,Open,STB89120260105
HUAWEI,1/5/2026,STB975,Leased Radio IP,BINJAI,23,52.12%,208.485.576,400.0,P1,need check quality transport,P1,23,208.485.576,need check quality transport,Open,STB97520260105
HUAWEI,1/5/2026,TBT134,Telkomsel Radio IP,PEMATANG SIANTAR,18,94.07%,188.137.648,200.0,P1,Capacity transport issue,P1,18,188.137.648,Capacity transport issue,Open,TBT13420260105
HUAWEI,1/5/2026,TBT155,Metro-E,PEMATANG SIANTAR,13,30.40%,303.975.128,1000.0,P2,need check quality transport,P2,13,303.975.128,need check quality transport,Open,TBT15520260105
HUAWEI,1/5/2026,TBT177,Telkomsel Radio IP,PEMATANG SIANTAR,12,144.15%,288.302.696,200.0,P2,Capacity transport issue,P2,12,288.302.696,Capacity transport issue,Open,TBT17720260105
HUAWEI,1/5/2026,TBT302,Metro-E,PEMATANG SIANTAR,12,29.25%,292.482.736,1000.0,P2,need check quality transport,P2,12,292.482.736,need check quality transport,Open,TBT30220260105
HUAWEI,1/5/2026,TBT399,Metro-E,PEMATANG SIANTAR,12,21.29%,212.851.776,1000.0,P2,need check quality transport,P2,12,212.851.776,need check quality transport,Open,TBT39920260105
HUAWEI,1/5/2026,TBT503,Metro-E,PEMATANG SIANTAR,16,40.59%,405.860.312,1000.0,P2,need check quality transport,P2,16,405.860.312,need check quality transport,Open,TBT50320260105
HUAWEI,1/5/2026,TBT506,Telkomsel Radio IP,PEMATANG SIANTAR,14,77.71%,466.258.824,600.0,P2,monitoring,P2,14,466.258.824,monitoring,Open,TBT50620260105
HUAWEI,1/5/2026,TBT511,Metro-E,PEMATANG SIANTAR,12,31.91%,319.089.368,1000.0,P2,need check quality transport,P2,12,319.089.368,need check quality transport,Open,TBT51120260105
HUAWEI,1/5/2026,TBT512,Metro-E,PEMATANG SIANTAR,13,29.56%,295.612.704,1000.0,P2,need check quality transport,P2,13,295.612.704,need check quality transport,Open,TBT51220260105
HUAWEI,1/5/2026,TBT530,Metro-E,PEMATANG SIANTAR,12,35.27%,35.265.608,1000.0,P2,need check quality transport,P2,12,35.265.608,need check quality transport,Open,TBT53020260105
HUAWEI,1/5/2026,TBT876,Metro-E,PEMATANG SIANTAR,12,28.91%,289.142.496,1000.0,P2,need check quality transport,P2,12,289.142.496,need check quality transport,Open,TBT87620260105
